,text,category,labels,scores,discrediting,emotion,polarization,impersonation,conspiracy,trolling,pro-ukrainian,pro-russian
0,"‚ùóÔ∏èüí¨'–í–° –†–§ —É–∂–µ –Ω–µ—Å–∫–æ–ª—å–∫–æ –¥–Ω–µ–π –∫–∞–∫ –ø–µ—Ä–µ—à–ª–∏ –∫ –∞–∫—Ç–∏–≤–Ω—ã–º –±–æ–µ–≤—ã–º –¥–µ–π—Å—Ç–≤–∏—è–º –ø—Ä–∞–∫—Ç–∏—á–µ—Å–∫–∏ –ø–æ –≤—Å–µ–º—É —Ñ—Ä–æ–Ω—Ç—É, —É–∫—Ä–∞–∏–Ω—Å–∫–æ–µ –∫–æ–Ω—Ç—Ä–Ω–∞—Å—Ç—É–ø–ª–µ–Ω–∏–µ –∑–∞–∫–æ–Ω—á–µ–Ω–æ', ‚Äî –ø–æ—Å—Ç–ø—Ä–µ–¥ –†–§ –≤ –û–û–ù –ù–µ–±–µ–Ω–∑—è.

üòå–°–≤–æ–±–æ–¥–Ω—ã–π –•–µ—Ä—Å–æ–Ω",deoccupied,"['territory', 'politics', 'economy', 'entertainment']","[0.45715761184692383, 0.3553262948989868, 0.13410916924476624, 0.05340687558054924]",3,2,3,0,1,2,0,5
1,"–ü—Ö–∞—Ö. –ó–∞ –∑–∞—Ä–ø–ª–∞—Ç–∞–º–∏ ""–í –æ—á–µ—Ä–µ–¥—å, —Å—É–∫–∏–Ω—ã –¥–µ—Ç–∏"" (—Å)

–ù–∞—à—ñ —Ö–∞–∫–µ—Ä–∏ –ø–æ–∫–ª–∞–ª–∏ —Å–∞–π—Ç –≤—ñ–π—Å—å–∫–æ–≤–∏–∫—ñ–≤ –∫–∞—Ü–∞–ø—ñ—ó üëèüëèüëè

–ü—ñ–¥–ø–∏—Å–∞—Ç–∏—Å—å: –•–µ—Ä—Å–æ–Ω –î–Ω—ë–º –∏ –Ω–æ—á—å—é üëà —Ç–∏—Ü—å!",deoccupied,"['territory', 'entertainment', 'economy', 'politics']","[0.56640625, 0.2347799390554428, 0.18085485696792603, 0.01795891299843788]",4,3,2,0,0,3,5,0
2,"‚ùóÔ∏è–ü–∞–ø–∞ –†–∏–º—Å—å–∫–∏–π –§—Ä–∞–Ω—Ü–∏—Å–∫ –ø–æ–º–µ—Ä, - –í–∞—Ç–∏–∫–∞–Ω

–ü—ñ–¥–ø–∏—Å–∞—Ç–∏—Å—å: –•–µ—Ä—Å–æ–Ω –î–Ω—ë–º –∏ –Ω–æ—á—å—é üëà —Ç–∏—Ü—å",deoccupied,"['territory', 'entertainment', 'economy', 'politics']","[0.5592910647392273, 0.21135906875133514, 0.11820130050182343, 0.11114860326051712]",0,2,0,0,0,1,0,0
3,"–ü—Ä–∞–≤—ã–π –±–µ—Ä–µ–≥ –•–µ—Ä—Å–æ–Ω—â–∏–Ω—ã, –∫–∞–∫ —É –í–∞—Å –æ–±—Å—Ç–æ—è—Ç –¥–µ–ª–∞ —Å –≤—ã–ø–ª–∞—Ç–∞–º–∏ –ø–µ–Ω—Å–∏–π, –∑–∞—Ä–∞–±–æ—Ç–Ω—ã—Ö –ø–ª–∞—Ç, –µ—Å—Ç—å –ª–∏ –≤–æ–æ–±—â–µ —Ä–∞–±–æ—Ç–∞? –ù–∞–ø–∏—à–∏—Ç–µ –º–Ω–µ –≤ —á–∞—Ç-–±–æ—Ç @VKhersone_bot (;)–í—Å–µ –∞–Ω–æ–Ω–∏–º–Ω–æ.",deoccupied,"['territory', 'economy', 'politics', 'entertainment']","[0.730739951133728, 0.24414551258087158, 0.016878429800271988, 0.008236050605773926]",1,1,1,0,0,0,0,0
4,"ü•∫ –ó—Ä—É–π–Ω–æ–≤–∞–Ω–∏–π —Ä–æ—Å—ñ—è–Ω–∞–º–∏ –∑–Ω–∞–∫ —ñ–∑ –•–µ—Ä—Å–æ–Ω—â–∏–Ω–∏ –ø–µ—Ä–µ—Ç–≤–æ—Ä–∏–ª–∏ –Ω–∞ —Å–∫—É–ª—å–ø—Ç—É—Ä—É –≤ –ö–∏—î–≤—ñ

–ù–∞ –¶–µ–Ω—Ç—Ä–∞–ª—å–Ω–æ–º—É –≤–æ–∫–∑–∞–ª—ñ —Å—Ç–æ–ª–∏—Ü—ñ –ø—Ä–µ–∑–µ–Ω—Ç—É–≤–∞–ª–∏ —Å–∫—É–ª—å–ø—Ç—É—Ä—É ¬´–í–æ–ª—è¬ª, —Å—Ç–≤–æ—Ä–µ–Ω—É –∑ –±—É–∫–≤ –∑—Ä—É–π–Ω–æ–≤–∞–Ω–æ–≥–æ –≤—ñ—Ç–∞–ª—å–Ω–æ–≥–æ –∑–Ω–∞–∫–∞ —Å–µ–ª–∞ –õ—é–±–∏–º—ñ–≤–∫–∞. –ê–≤—Ç–æ—Ä —Ä–æ–±–æ—Ç–∏ ‚Äî —Ö—É–¥–æ–∂–Ω–∏–∫ –û–ª–µ–∫—Å—ñ–π –°–∞–π.

–°–∫—É–ª—å–ø—Ç—É—Ä–∞ —Å–∏–º–≤–æ–ª—ñ–∑—É—î ¬´—Å–≤–æ–±–æ–¥—É¬ª —Ç–∞ ¬´–≤–æ–ª–µ–≤–∏—è–≤–ª–µ–Ω–Ω—è¬ª —ñ –±—É–ª–∞ —Ä–∞–Ω—ñ—à–µ –µ–∫—Å–ø–æ–Ω–æ–≤–∞–Ω–∞ –Ω–∞ –º—ñ–∂–Ω–∞—Ä–æ–¥–Ω–∏—Ö –ø–æ–¥—ñ—è—Ö. –¢–µ–ø–µ—Ä –≤–æ–Ω–∞ –¥–æ—Å—Ç—É–ø–Ω–∞ –¥–ª—è –ø–µ—Ä–µ–≥–ª—è–¥—É –Ω–∞ –≤–æ–∫–∑–∞–ª—ñ, –Ω–∞ –¥—Ä—É–≥–æ–º—É –ø–æ–≤–µ—Ä—Å—ñ –±—ñ–ª—è –µ—Å–∫–∞–ª–∞—Ç–æ—Ä–∞.",deoccupied,"['politics', 'territory', 'entertainment', 'economy']","[0.5432453751564026, 0.4204480051994324, 0.02915252558887005, 0.007154115941375494]",2,3,2,0,0,1,4,0
5,"üá∫üá¶–î–µ–ø—É—Ç–∞—Ç –í–µ—Ä—Ö–æ–≤–Ω–æ–π –†–∞–¥—ã –∑–∞—è–≤–∏–ª–∏ –æ –ø—Ä–µ–≤—Ä–∞—â–µ–Ω–∏–∏ –£–∫—Ä–∞–∏–Ω—ã –≤ –∫–æ–ª–æ–Ω–∏—é

üá∫üá∏–ü–æ—Å–ª–µ –ø–æ–¥–ø–∏—Å–∞–Ω–∏—è —Å–æ–≥–ª–∞—à–µ–Ω–∏—è —Å –°–®–ê –ø–æ —É–∫—Ä–∞–∏–Ω—Å–∫–∏–º –Ω–µ–¥—Ä–∞–º –£–∫—Ä–∞–∏–Ω–∞ –ø—Ä–µ–≤—Ä–∞—Ç–∏—Ç—Å—è –≤ –∫–æ–ª–æ–Ω–∏—é, –∑–∞—è–≤–∏–ª –¥–µ–ø—É—Ç–∞—Ç –í–µ—Ä—Ö–æ–≤–Ω–æ–π —Ä–∞–¥—ã –ê–ª–µ–∫—Å–∞–Ω–¥—Ä –î—É–±–∏–Ω—Å–∫–∏–π –≤ —Å–≤–æ–µ–º Telegram-–∫–∞–Ω–∞–ª–µ.

ü§°""–ó–µ–ª–µ–Ω—Å–∫–∏–π —Å–¥–∞–µ—Ç —Å—Ç—Ä–∞–Ω—É. –ù–µ –ø—Ä–æ–¥–∞–µ—Ç, –∞ –∏–º–µ–Ω–Ω–æ - —Å–¥–∞–µ—Ç‚Ä¶ –•–æ—á—É –ø–æ–¥—á–µ—Ä–∫–Ω—É—Ç—å - –≤—Å–µ –ø—Ä–µ—Ç–µ–Ω–∑–∏–∏ –ø–æ —Å–¥–µ–ª–∫–µ, –≤ –∫–æ—Ç–æ—Ä–æ–π –£–∫—Ä–∞–∏–Ω–∞ –æ—Ç–¥–∞–µ—Ç –Ω–∞–≤–µ—á–Ω–æ –ø—Ä–∞–≤–∞ —Ä–∞—Å–ø–æ—Ä—è–∂–∞—Ç—å—Å—è —Å–≤–æ–∏–º–∏ –Ω–µ–¥—Ä–∞–º–∏ –°–®–ê - –∫ –ó–µ–ª–µ–Ω—Å–∫–æ–º—É. –ö –¢—Ä–∞–º–ø—É –ø—Ä–µ—Ç–µ–Ω–∑–∏–π –Ω–µ—Ç. –û–Ω –¥–µ–π—Å—Ç–≤—É–µ—Ç –≤ –∏–Ω—Ç–µ—Ä–µ—Å–∞—Ö –°–®–ê"", - –Ω–∞–ø–∏—Å–∞–ª –Ω–∞—Ö–æ–¥—è—â–∏–π—Å—è –≤ –°–ò–ó–û –î—É–±–∏–Ω—Å–∫–∏–π.

üí∞–ü–æ –µ–≥–æ —Å–ª–æ–≤–∞–º, —Å–æ–≥–ª–∞—à–µ–Ω–∏–µ ‚Äì —ç—Ç–æ –≥—Ä–∞–±–µ–∂, –Ω–∞ –∫–æ—Ç–æ—Ä—ã–π –ó–µ–ª–µ–Ω—Å–∫–∏–π –∏–¥–µ—Ç, —á—Ç–æ–±—ã –ø–æ–ª—É—á–∏—Ç—å –≥–∞—Ä–∞–Ω—Ç–∏–∏ –±–µ–∑–æ–ø–∞—Å–Ω–æ—Å—Ç–∏ –¥–ª—è —Å–µ–±—è.

üá∫üá¶""–ù–∞–∑—ã–≤–∞—Ç—å –£–∫—Ä–∞–∏–Ω—É ""–Ω–µ–∑–∞–≤–∏—Å–∏–º—ã–º –≥–æ—Å—É–¥–∞—Ä—Å—Ç–≤–æ–º"" –ø–æ—Å–ª–µ –ø–æ–µ–∑–¥–∫–∏ –ó–µ–ª–µ–Ω—Å–∫–æ–≥–æ –≤ –°–®–ê —É–∂–µ –Ω–µ –Ω—É–∂–Ω–æ –±—É–¥–µ—Ç. –ü—Ä–æ–≤–∏–Ω—Ü–∏—è, –∫–æ–ª–æ–Ω–∏—è, –∑–∞–º–æ—Ä—Å–∫–∞—è —Ç–µ—Ä—Ä–∏—Ç–æ—Ä–∏—è. –ó–∞–±—É–¥—å—Ç–µ —Å–ª–æ–≤–æ –¥–µ—Ä–∂–∞–≤–∞. –ó–µ–ª–µ–Ω—Å–∫–∏–π –µ–≥–æ —É–Ω–∏—á—Ç–æ–∂–∏–ª, –∫–∞–∫ –ø–∞–º—è—Ç–Ω–∏–∫–∏ –∏ –∫—É–ª—å—Ç—É—Ä—É, –∫–∞–∫ —è–∑—ã–∫ –∏ —Ü–µ—Ä–∫–æ–≤—å. –õ–∏–∫–≤–∏–¥–∞—Ç–æ—Ä –≥–æ—Å—É–¥–∞—Ä—Å—Ç–≤–µ–Ω–Ω–æ—Å—Ç–∏"", - –æ—Ç–º–µ—Ç–∏–ª –î—É–±–∏–Ω—Å–∫–∏–π.

üì±—Ç–µ–ª–µ–≥—Ä–∞–º-–∫–∞–Ω–∞–ª –•–µ—Ä—Å–æ–Ω—Å–∫–∏–π –í–µ—Å—Ç–Ω–∏–∫
üåê–≥—Ä—É–ø–ø–∞ VK –í–∫–æ–Ω—Ç–∞–∫—Ç–µ",deoccupied,"['territory', 'politics', 'entertainment', 'economy']","[0.9063873291015625, 0.07465623319149017, 0.01041954755783081, 0.008536860346794128]",5,4,4,1,3,2,1,4
6,"‚ùóÔ∏è —Ä–æ—Å—ñ–π—Å—å–∫—ñ —Ç–µ—Ä–æ—Ä–∏—Å—Ç–∏ –∑–¥—ñ–π—Å–Ω–∏–ª–∏ –º–∞—Å–æ–≤–∞–Ω–∏–π –æ–±—Å—Ç—Ä—ñ–ª –ø—Ä–∏–∫–æ—Ä–¥–æ–Ω–Ω–æ–≥–æ –º—ñ—Å—Ç–∞ –°–Ω–æ–≤—Å—å–∫

–°—å–æ–≥–æ–¥–Ω—ñ –≤–¥–µ–Ω—å –ø—ñ–¥ –º–∞—Å–æ–≤–∞–Ω–∏–π —É–¥–∞—Ä –≤–æ—Ä–æ–≥–∞ –∫–∞—Å–µ—Ç–Ω–∏–º–∏ –±–æ—î–ø—Ä–∏–ø–∞—Å–∞–º–∏ –ø–æ—Ç—Ä–∞–ø–∏–ª–æ –º—ñ—Å—Ç–æ –°–Ω–æ–≤—Å—å–∫ –ö–æ—Ä—é–∫—ñ–≤—Å—å–∫–æ–≥–æ —Ä–∞–π–æ–Ω—É. –ù–∏–Ω—ñ –Ω–∞ –º—ñ—Å—Ü—ñ –ø–æ–¥—ñ—ó –ø—Ä–∞—Ü—é—é—Ç—å –≤—Å—ñ –ø—Ä–æ—Ñ—ñ–ª—å–Ω—ñ —Å–ª—É–∂–±–∏.

–í–Ω–∞—Å–ª—ñ–¥–æ–∫ –∞—Ç–∞–∫–∏ –∑–∞–∑–Ω–∞–ª–∏ –ø–æ—Ä–∞–Ω–µ–Ω—å 39-—Ä—ñ—á–Ω–∞ –∂—ñ–Ω–∫–∞ —Ç–∞ –¥–≤–æ—î —á–æ–ª–æ–≤—ñ–∫—ñ–≤ –≤—ñ–∫–æ–º 72 —Ä–æ–∫–∏ —Ç–∞ 51 —Ä—ñ–∫. –Ñ –ø–æ—à–∫–æ–¥–∂–µ–Ω–Ω—è –Ω–∏–∑–∫–∏ –∂–∏—Ç–ª–æ–≤–∏—Ö –±—É–¥–∏–Ω–∫—ñ–≤, –∞–≤—Ç–æ–º–æ–±—ñ–ª—ñ–≤ —Ç–∞ —Ü–∏–≤—ñ–ª—å–Ω–æ—ó —ñ–Ω—Ñ—Ä–∞—Å—Ç—Ä—É–∫—Ç—É—Ä–∏.

‚òëÔ∏è –ü—ñ–¥–ø–∏—Å–∞—Ç–∏—Å—è",deoccupied,"['territory', 'economy', 'politics', 'entertainment']","[0.946707010269165, 0.02420658990740776, 0.01946018822491169, 0.009626226499676704]",4,3,3,0,0,1,5,0
7,"–°–æ—Ç—Ä—É–¥–Ω–∏–∫–∏ –ü—Ä–æ–∫—É—Ä–∞—Ç—É—Ä—ã –°–∫–∞–¥–æ–≤—Å–∫–æ–≥–æ —Ä–∞–π–æ–Ω–∞ –ø—Ä–∏–Ω—è–ª–∏ —É—á–∞—Å—Ç–∏–µ –≤ –≤–æ—Å—Å—Ç–∞–Ω–æ–≤–ª–µ–Ω–∏–∏ –∏ —Ä–µ–º–æ–Ω—Ç–µ –ø–∞–º—è—Ç–Ω—ã—Ö –º–µ—Å—Ç, –ø–æ—Å–≤—è—â–µ–Ω–Ω—ã—Ö –ü–æ–±–µ–¥–µ –≤ –í–µ–ª–∏–∫–æ–π –û—Ç–µ—á–µ—Å—Ç–≤–µ–Ω–Ω–æ–π –≤–æ–π–Ω–µ

–£ –ø–∞–º—è—Ç–Ω–∏–∫–∞ ¬´–ë—Ä–∞—Ç—Å–∫–∞—è –º–æ–≥–∏–ª–∞ –°–æ–≤–µ—Ç—Å–∫–æ–π –∞—Ä–º–∏–∏¬ª –≤ —Å–µ–ª–µ –ö—Ä–∞—Å–Ω–æ–µ –±—ã–ª–∏ –ø—Ä–æ–≤–µ–¥–µ–Ω—ã —Ä–∞–±–æ—Ç—ã –ø–æ –¥–µ–º–æ–Ω—Ç–∞–∂—É –ø–æ–≤—Ä–µ–∂–¥–µ–Ω–Ω–æ–π –±–µ—Ç–æ–Ω–Ω–æ–π –ø–ª–∏—Ç—ã –∏ –∑–∞–ª–∏–≤–∫–∞ –Ω–æ–≤–æ–π, –æ—Å—É—â–µ—Å—Ç–≤–ª–µ–Ω—ã –æ—Ç–¥–µ–ª–æ—á–Ω–æ-–ø–æ–∫—Ä–∞—Å–æ—á–Ω—ã–µ —Ä–∞–±–æ—Ç—ã.

–ü—Ä–∏ –≤–æ—Å—Å—Ç–∞–Ω–æ–≤–ª–µ–Ω–∏–∏ –º–µ–º–æ—Ä–∏–∞–ª–∞ ¬´–ù–µ–∏–∑–≤–µ—Å—Ç–Ω–æ–º—É —Å–æ–ª–¥–∞—Ç—É¬ª –≤ —Å–µ–ª–µ –í–∏–Ω–æ–≥—Ä–∞–¥–æ–≤–æ –ê–ª–µ—à–∫–∏–Ω—Å–∫–æ–≥–æ –æ–∫—Ä—É–≥–∞ —Ä–∞–±–æ—Ç–Ω–∏–∫–∞–º–∏ –ø—Ä–æ–∫—É—Ä–∞—Ç—É—Ä—ã –∏ –≤–¥–º–∏–Ω–∏—Å—Ç—Ä–∞—Ü–∏–∏ –ø—Ä–æ–∏–∑–≤–µ–¥–µ–Ω–∞ —É–±–æ—Ä–∫–∞ –ø—Ä–∏–ª–µ–≥–∞—é—â–µ–π —Ç–µ—Ä—Ä–∏—Ç–æ—Ä–∏–∏, –∞ —Ç–∞–∫–∂–µ –æ—Ç–¥–µ–ª–æ—á–Ω–æ-–ø–æ–∫—Ä–∞—Å–æ—á–Ω—ã–µ —Ä–∞–±–æ—Ç—ã.

–î–æ—Å—Ç–æ–π–Ω—ã–π –ø–æ—Å—Ç—É–ø–æ–∫",deoccupied,"['territory', 'politics', 'economy', 'entertainment']","[0.5072765350341797, 0.21207484602928162, 0.16729086637496948, 0.11335774511098862]",0,1,0,0,0,0,0,2
8,"–ù–µ–¥–æ–±—Ä–æ–µ —É—Ç—Ä–æ –≤ –ù–∏–∫–æ–ª–∞–µ–≤–µ –ø–æ—Å–ª–µ –ø—Ä–∏–ª–µ—Ç–∞ —Ä—É—Å—Å–∫–∏—Ö ""–ì–µ—Ä–∞–Ω–µ–π"".

üì±—Ç–µ–ª–µ–≥—Ä–∞–º-–∫–∞–Ω–∞–ª –•–µ—Ä—Å–æ–Ω—Å–∫–∏–π –í–µ—Å—Ç–Ω–∏–∫
üåê–≥—Ä—É–ø–ø–∞ VK –í–∫–æ–Ω—Ç–∞–∫—Ç–µ",deoccupied,"['territory', 'politics', 'entertainment', 'economy']","[0.6469013690948486, 0.16737282276153564, 0.1258908063173294, 0.059835027903318405]",3,2,3,0,0,1,2,4
9,"‚ùóÔ∏è–ü—É—Ç–∏–Ω –æ–±—ä—è–≤–∏–ª –º–∏–Ω—É—Ç—É –º–æ–ª—á–∞–Ω–∏—è –Ω–∞ –í—Å–µ–º–∏—Ä–Ω–æ–º —Ä—É—Å—Å–∫–æ–º —Å–æ–±–æ—Ä–µ –≤ –ø–∞–º—è—Ç—å –æ –ø–æ–≥–∏–±—à–∏—Ö –≤ –°–í–û –±–æ–π—Ü–∞—Ö

–¢–∞–∫–∂–µ —Å–¥–µ–ª–∞–ª —Ä—è–¥ –∑–∞—è–≤–ª–µ–Ω–∏–π:

‚Äì –ë–∏—Ç–≤–∞ –†–æ—Å—Å–∏–∏ –∑–∞ —Å—É–≤–µ—Ä–µ–Ω–∏—Ç–µ—Ç –∏ —Å–ø—Ä–∞–≤–µ–¥–ª–∏–≤–æ—Å—Ç—å –Ω–æ—Å–∏—Ç –Ω–∞—Ü–∏–æ–Ω–∞–ª—å–Ω–æ-–æ—Å–≤–æ–±–æ–¥–∏—Ç–µ–ª—å–Ω—ã–π —Ö–∞—Ä–∞–∫—Ç–µ—Ä

‚Äì –°–æ–≤—Ä–µ–º–µ–Ω–Ω–∞—è –†–æ—Å—Å–∏—è –≤–æ–∑–≤—Ä–∞—â–∞–µ—Ç –∏ —É–∫—Ä–µ–ø–ª—è–µ—Ç —Å–≤–æ–π —Å—É–≤–µ—Ä–µ–Ω–∏—Ç–µ—Ç –∫–∞–∫ –º–∏—Ä–æ–≤–∞—è –¥–µ—Ä–∂–∞–≤–∞

‚Äì –ë–µ–∑ —Ä—É—Å—Å–∫–∏—Ö –∫–∞–∫ —ç—Ç–Ω–æ—Å–∞ –Ω–µ—Ç –∏ –Ω–µ –º–æ–∂–µ—Ç –±—ã—Ç—å –†–æ—Å—Å–∏–∏ –∏ —Ä—É—Å—Å–∫–æ–≥–æ –º–∏—Ä–∞

‚Äì –ë–µ–∑ —Å–∏–ª—å–Ω–æ–π –†–æ—Å—Å–∏–∏ –ø—Ä–æ—á–Ω—ã–π –º–∏—Ä–æ–≤–æ–π –ø–æ—Ä—è–¥–æ–∫ –Ω–µ–≤–æ–∑–º–æ–∂–µ–Ω

‚Äì –ò–º–µ–Ω–Ω–æ —Ä—É—Å—Å–∫–∏–π –º–∏—Ä –ø—Ä–µ–≥—Ä–∞–¥–∏–ª –¥–æ—Ä–æ–≥—É —Ç–µ–º, –∫—Ç–æ –æ–±—ä—è–≤–∏–ª —Å–µ–±—è –∏—Å–∫–ª—é—á–∏—Ç–µ–ª—å–Ω—ã–º, –Ω–æ –¥–∏–∫—Ç–∞—Ç—É—Ä–∞ –≥–µ–≥–µ–º–æ–Ω–∞ –¥—Ä—è—Ö–ª–µ–µ—Ç

‚Äì –†—É—Å—Å–∫–∏–µ ‚Äî —ç—Ç–æ –±–æ–ª—å—à–µ —á–µ–º –Ω–∞—Ü–∏–æ–Ω–∞–ª—å–Ω–æ—Å—Ç—å, —ç—Ç–æ –≤ —Ç–æ–º —á–∏—Å–ª–µ –∫—É–ª—å—Ç—É—Ä–Ω–∞—è –∏ –∏—Å—Ç–æ—Ä–∏—á–µ—Å–∫–∞—è –∏–¥–µ–Ω—Ç–∏—á–Ω–æ—Å—Ç—å

‚Äì –ë—ã—Ç—å —Ä—É—Å—Å–∫–∏–º ‚Äî —ç—Ç–æ –ø—Ä–µ–∂–¥–µ –≤—Å–µ–≥–æ –æ—Ç–≤–µ—Ç—Å—Ç–≤–µ–Ω–Ω–æ—Å—Ç—å –∑–∞ —Å–±–µ—Ä–µ–∂–µ–Ω–∏–µ –†–æ—Å—Å–∏–∏

‚Äì –ó–∞–ø–∞–¥—É –Ω–µ –Ω—É–∂–Ω–∞ –±–æ–ª—å—à–∞—è –†–æ—Å—Å–∏—è

‚Äì –†–æ—Å—Å–∏—è –Ω–∞—Ö–æ–¥–∏—Ç—Å—è —Å–µ–π—á–∞—Å –≤ –∞–≤–∞–Ω–≥–∞—Ä–¥–µ —Ñ–æ—Ä–º–∏—Ä–æ–≤–∞–Ω–∏—è –±–æ–ª–µ–µ —Å–ø—Ä–∞–≤–µ–¥–ª–∏–≤–æ–≥–æ –º–∏—Ä–æ—É—Å—Ç—Ä–æ–π—Å—Ç–≤–∞

‚Äì –†—É—Å—Å–∫–∏–π –º–∏—Ä —ç—Ç–æ –î—Ä–µ–≤–Ω—è—è –†—É—Å—å, –†–æ—Å—Å–∏–π—Å–∫–∞—è –ò–º–ø–µ—Ä–∏—è, –°–æ–≤–µ—Ç—Å–∫–∏–π –°–æ—é–∑ –∏ —Å–æ–≤—Ä–µ–º–µ–Ω–Ω–∞—è –†–æ—Å—Å–∏—è

‚Äì –ú—ã –Ω–∏–∫–æ–º—É –Ω–µ –ø–æ–∑–≤–æ–ª–∏–º –¥–µ–ª–∏—Ç—å –†–æ—Å—Å–∏—é, –æ–Ω–∞ —É –Ω–∞—Å –æ–¥–Ω–∞ ‚Äî –ü—É—Ç–∏–Ω

–ë–æ–µ–≤–æ–µ –∑–Ω–∞–º—è | –û–±—Å—É–∂–¥–µ–Ω–∏–µ",deoccupied,"['politics', 'territory', 'entertainment', 'economy']","[0.6534497141838074, 0.30614742636680603, 0.029513947665691376, 0.01088892761617899]",3,4,4,0,3,2,0,6
10,"üá∫üá¶üïØ –î–æ—Ä–æ–≥–∞ –ö–æ—Ä—é–∫—ñ–≤—Å—å–∫–∞ –≥—Ä–æ–º–∞–¥–æ!

–ó—ñ —Å–∫–æ—Ä–±–æ—Ç–æ—é –ø–æ–≤—ñ–¥–æ–º–ª—è—î–º–æ, —â–æ –∑–∞—Ö–∏—â–∞—é—á–∏ –£–∫—Ä–∞—ó–Ω—É –≤—ñ–¥ –≤–æ—Ä–æ–≥–∞, –∑–∞–≥–∏–Ω—É–≤ –Ω–∞—à –∑–µ–º–ª—è–∫ –ü–∞—Ä—Ñ–µ–Ω—Ü–æ–≤ –°–µ—Ä–≥—ñ–π –¢–∏—Ö–æ–Ω–æ–≤–∏—á, 1974 —Ä–æ–∫—É –Ω–∞—Ä–æ–¥–∂–µ–Ω–Ω—è.

–°–µ—Ä–≥—ñ–π –Ω–∞—Ä–æ–¥–∏–≤—Å—è –Ω–∞ –ì–æ—Ä–æ–¥–Ω—è–Ω—â–∏–Ω—ñ, –∞–ª–µ –∑–Ω–∞—á–Ω—É —á–∞—Å—Ç–∏–Ω—É –∂–∏—Ç—Ç—è –ø—Ä–æ–∂–∏–≤ —É –ö–æ—Ä—é–∫—ñ–≤—Ü—ñ.

–ó–∞–≤—Ç—Ä–∞, 31 —Ç—Ä–∞–≤–Ω—è, –º–∏ –ø—Ä–æ–≤–æ–¥–∂–∞—Ç–∏–º–µ–º–æ –≤ –æ—Å—Ç–∞–Ω–Ω—é –ø—É—Ç—å –Ω–∞—à–æ–≥–æ –∑–∞—Ö–∏—Å–Ω–∏–∫–∞.

üîª –û 9.00 –≤—à–∞–Ω—É–π–º–æ –≤–æ—ó–Ω–∞ –∂–∏–≤–∏–º –∫–æ—Ä–∏–¥–æ—Ä–æ–º –≤—ñ–¥ –º–æ—Ä–≥—É –¥–æ —Ü–µ–Ω—Ç—Ä–∞–ª—å–Ω–æ—ó –ø–ª–æ—â—ñ.

üîª –û–± 11.30 –ø–æ—á–∞—Ç–æ–∫ —Ü–µ—Ä–µ–º–æ–Ω—ñ—ó –ø—Ä–æ—â–∞–Ω–Ω—è –∑–∞ –∞–¥—Ä–µ—Å–æ—é: –≤—É–ª. –ì–µ—Ç—å–º–∞–Ω–∞ –ú–∞–∑–µ–ø–∏, 4 (–∫–æ–ª–∏—à–Ω—è –ß–µ—Ä–≤–æ–Ω–æ—Ö—É—Ç—ñ—Ä—Å—å–∫–∞).

üîª –û 12.00 –≤—ñ–¥—Å–ø—ñ–≤—É–≤–∞–Ω–Ω—è —É –°–≤—è—Ç–æ-–í–æ–∑–Ω–µ—Å–µ–Ω—Å—å–∫–æ–º—É —Ö—Ä–∞–º—ñ.
–ü–æ—Ö–æ–≤–∞—é—Ç—å –ì–µ—Ä–æ—è –Ω–∞ –Ω–æ–≤–æ–º—É –º—ñ—Å—å–∫–æ–º—É –∫–ª–∞–¥–æ–≤–∏—â—ñ.

–í—ñ—á–Ω–∞ —ñ —Å–≤—ñ—Ç–ª–∞ –ø–∞–º‚Äô—è—Ç—å –≤–æ—ó–Ω—É!
–©–∏—Ä—ñ —Å–ø—ñ–≤—á—É—Ç—Ç—è —Ä—ñ–¥–Ω–∏–º!",deoccupied,"['territory', 'entertainment', 'economy', 'politics']","[0.7507768869400024, 0.09028830379247665, 0.08317521959543228, 0.07575960457324982]",0,3,0,0,0,0,4,0
11,"‚ÄºÔ∏è–†–æ—Å—Å–∏–π—Å–∫–∏–µ –≤–æ–π—Å–∫–∞, –æ—Ç—Ä–∞–∑–∏–≤ –∞—Ç–∞–∫–∏ –ø—Ä–æ—Ç–∏–≤–Ω–∏–∫–∞, –ø—Ä–æ–¥–≤–∏–Ω—É–ª–∏—Å—å –∫ —é–≥—É –æ—Ç –ö—Ä—ã–Ω–æ–∫

üòå–°–≤–æ–±–æ–¥–Ω—ã–π –•–µ—Ä—Å–æ–Ω",deoccupied,"['territory', 'politics', 'economy', 'entertainment']","[0.7180472612380981, 0.15107578039169312, 0.10719138383865356, 0.023685583844780922]",1,2,1,0,0,1,0,4
12,"‚ÄºÔ∏è–î–µ–Ω–∞—Ü–∏—Ñ–∏–∫–∞—Ü–∏—è –ø—Ä–æ–¥–æ–ª–∂–∞–µ—Ç—Å—è:  —É–Ω–∏—á—Ç–æ–∂–∏–ª–∏ –∫–æ–º–±–∞—Ç–∞ ""–ø—Ä–∞–≤–æ–≥–æ —Å–µ–∫—Ç–æ—Ä–∞""

–í —Å–æ—Ü–∏–∞–ª—å–Ω—ã—Ö —Å–µ—Ç—è—Ö –Ω–∞—à–ª–∏ –Ω–µ–∫—Ä–æ–ª–æ–≥ –æ –ú–∞–ª–∫–æ–≤–∏—á–µ –í.–í. —Å –ø–æ–∑—ã–≤–Ω—ã–º ""–•–æ—Ä–≤–∞—Ç"" (1992 –≥.—Ä.). –ù–∞—Ü–∏—Å—Ç —É—á–∞—Å—Ç–≤–æ–≤–∞–ª –≤ –±–æ–µ–≤—ã—Ö –¥–µ–π—Å—Ç–≤–∏—è—Ö  –≤ —Å–æ—Å—Ç–∞–≤–µ 95 –æ–¥—à–±—Ä, –≥–¥–µ –≤ –Ω–∞—Å—Ç–æ—è—â–µ–µ –≤—Ä–µ–º—è —á–∏—Å–ª–∏—Ç—Å—è ""–ø—Ä–æ–ø–∞–≤—à–∏–º –±–µ–∑ –≤–µ—Å—Ç–∏"".

–û–¥–Ω–∞–∫–æ –≤—Å–µ —É–∫—Ä–∞–∏–Ω—Å–∫–∏–µ –Ω–∞—Ü–∏—Å—Ç—ã –∑–Ω–∞—é—Ç –æ –µ–≥–æ —Å—É–¥—å–±–µ –∏ –±—Ä–æ—à–µ–Ω–Ω–æ–º —Ç–µ–ª–µ.

–í–∞—Å–∏–ª–∏–π –ú–∞–ª–∫–æ–≤–∏—á (‚Äú–•–æ—Ä–≤–∞—Ç‚Äù) —Ä–æ–¥–∏–ª—Å—è –∏ –≤—ã—Ä–æ—Å –≤ –ü—Ä–∏–∫–∞—Ä–ø–∞—Ç—å–µ. –° —é–Ω–æ—à–µ—Å–∫–∏—Ö –ª–µ—Ç –ø—Ä–∏–Ω–∏–º–∞–ª –∞–∫—Ç–∏–≤–Ω–æ–µ —É—á–∞—Å—Ç–∏–µ –≤ –¥–µ—è—Ç–µ–ª—å–Ω–æ—Å—Ç–∏ –Ω–µ–æ–Ω–∞—Ü–∏—Å—Ç—Å–∫–æ–π –æ—Ä–≥–∞–Ω–∏–∑–∞—Ü–∏–∏ ‚Äú—Ç—Ä–∏–∑—É–± –±–∞–Ω–¥–µ—Ä—ã"".–í–æ –≤—Ä–µ–º—è –º–∞–π–¥–∞–Ω–∞ ‚Äú–•–æ—Ä–≤–∞—Ç‚Äù —Å—Ç–∞–ª –æ–¥–Ω–∏–º –∏–∑ –≥–ª–∞–≤–∞—Ä–µ–π ‚Äú–ø—Ä–∞–≤–æ–≥–æ —Å–µ–∫—Ç–æ—Ä–∞‚Äù –≤ –ö–∏–µ–≤–µ. –†—É–∫–æ–≤–æ–¥–∏–ª –ø–æ–¥—Ä–∞–∑–¥–µ–ª–µ–Ω–∏–µ–º ‚Äú–∑–∞—Ä–µ–≤–æ‚Äù ‚Äî –º–æ–∂–Ω–æ —Å–∫–∞–∑–∞—Ç—å, —ç–ª–∏—Ç–Ω—ã–º –æ—Ç—Ä—è–¥–æ–º –±–∞–Ω–¥—ã –Ω–µ–æ–Ω–∞—Ü–∏—Å—Ç–æ–≤.

–ö–æ–º–∞–Ω–¥–æ–≤–∞–ª 5-–º –æ—Ç–¥–µ–ª—å–Ω—ã–º –±–∞—Ç–∞–ª—å–æ–Ω–æ–º ""–ø—Ä–∞–≤–æ—Å–µ–∫–æ–≤"". –ü—Ä–∏—á–∞—Å—Ç–µ–Ω –∫ –º–Ω–æ–≥–æ—á–∏—Å–ª–µ–Ω–Ω—ã–º –≤–æ–µ–Ω–Ω—ã–º –ø—Ä–µ—Å—Ç—É–ø–ª–µ–Ω–∏—è–º –ø—Ä–æ—Ç–∏–≤ –∂–∏—Ç–µ–ª–µ–π –î–æ–Ω–±–∞—Å—Å–∞. –£—á–∞—Å—Ç–≤–æ–≤–∞–ª –≤–æ –≤—Ç–æ—Ä–∂–µ–Ω–∏–∏ –≤ –°—É–¥–∂–∞–Ω—Å–∫–æ–µ –ø—Ä–∏–≥—Ä–∞–Ω–∏—á—å–µ, –≥–¥–µ –æ—Ç–ª–∏—á–∞–ª—Å—è –æ—Å–æ–±–æ–π –∂–µ—Å—Ç–æ–∫–æ—Å—Ç—å—é –≤ –æ—Ç–Ω–æ—à–µ–Ω–∏–∏ –º–∏—Ä–Ω—ã—Ö –∂–∏—Ç–µ–ª–µ–π. –£–Ω–∏—á—Ç–æ–∂–µ–Ω –ë–µ—Å—Å—Ç—Ä–∞—à–Ω—ã–º–∏.

üì±—Ç–µ–ª–µ–≥—Ä–∞–º-–∫–∞–Ω–∞–ª –•–µ—Ä—Å–æ–Ω—Å–∫–∏–π –í–µ—Å—Ç–Ω–∏–∫
üåê–≥—Ä—É–ø–ø–∞ VK –í–∫–æ–Ω—Ç–∞–∫—Ç–µ",deoccupied,"['territory', 'politics', 'entertainment', 'economy']","[0.5905764698982239, 0.28912317752838135, 0.06819171458482742, 0.05210864916443825]",5,4,5,0,2,3,0,5
13,"–ö–æ—Ä—é–∫—ñ–≤—Å—å–∫—ñ —Å–ø–æ—Ä—Ç—Å–º–µ–Ω–∏ - –ø–µ—Ä–µ–º–æ–∂—Ü—ñ –æ–±–ª–∞—Å—Ç—ñ –∑ –∫—Ä–æ—Å—É

–£ –ß–µ—Ä–Ω—ñ–≥–æ–≤—ñ –ø—Ä–æ–π—à–æ–≤ —á–µ–º–ø—ñ–æ–Ω–∞—Ç –æ–±–ª–∞—Å—Ç—ñ –∑ –ª–µ–≥–∫–æ–∞—Ç–ª–µ—Ç–∏—á–Ω–æ–≥–æ –∫—Ä–æ—Å—É.

–Ø–∫ –ø–æ–≤—ñ–¥–æ–º–ª—è—é—Ç—å ""–ü–µ–¥–∞–≥–æ–≥—ñ—á–Ω—ñ –≤—ñ—Å—Ç—ñ –ö–æ—Ä—é–∫—ñ–≤—â–∏–Ω–∏"", –≤–∏—Ö–æ–≤–∞–Ω—Ü—ñ –ö–æ—Ä—é–∫—ñ–≤—Å—å–∫–æ—ó –¥–∏—Ç—è—á–æ-—é–Ω–∞—Ü—å–∫–æ—ó —Å–ø–æ—Ä—Ç–∏–≤–Ω–æ—ó —à–∫–æ–ª–∏ ""–Ω–∞–±—ñ–≥–∞–ª–∏"" –Ω–∞ —Ç—Ä–∏ –º–µ–¥–∞–ª—ñ: –†–æ–º–∞–Ω –•–æ–≤–¥—ñ–π —Ç–∞ –Ñ–≤–≥–µ–Ω—ñ–π –®–≤–∏—Ä–∫–æ–≤ –ø–æ—Å—ñ–ª–∏ 1 –º—ñ—Å—Ü–µ, –ü–æ–ª—ñ–Ω–∞ –Ñ—Ä–µ–º–µ–Ω–∫–æ - 3 –º—ñ—Å—Ü–µ.

""–ú—ñ—Å—Ü–µ–≤—ñ –º–µ–¥—ñ–∞""",deoccupied,"['territory', 'economy', 'entertainment', 'politics']","[0.9513537883758545, 0.01797185093164444, 0.015628814697265625, 0.015045511536300182]",0,1,0,0,0,0,0,0
14,"–°–∫–∞–¥–æ–≤—Å—å–∫ —Å—å–æ–≥–æ–¥–Ω—ñ

–ù–∞–¥—ñ—Å–ª–∞—Ç–∏ –Ω–æ–≤–∏–Ω—É @hueviy_kherson_Bot
üëâ–ü–Ü–î–ü–ò–°–ê–¢–ò–°–Ø",deoccupied,"['territory', 'politics', 'entertainment', 'economy']","[0.8079141974449158, 0.11535034328699112, 0.049682822078466415, 0.027052704244852066]",0,0,0,0,0,0,0,0
15,"–ó–∞—Å–µ–≤—à–∏—Ö –ø–æ–¥ –ê–Ω—Ç–æ–Ω–æ–≤—Å–∫–∏–º –º–æ—Å—Ç–æ–º –í–°–£—à–Ω–∏–∫–æ–≤, –í–ö–° –∑–∞–±–æ—Ç–ª–∏–≤–æ –∑–Ω–∞–∫–æ–º–∏—Ç —Å –Ω–æ–≤–æ–π –∫—Ä–∞—Å–∞–≤–∏—Ü–µ–π, –£–ú–ü–ö1500–ú54.

–í—Å–µ –æ—Å—Ç–∞–ª–∏—Å—å –¥–æ–≤–æ–ª—å–Ω—ã, –Ω–∏–∫—Ç–æ –Ω–µ —É—à—ë–ª –æ–±–∏–∂–µ–Ω–Ω—ã–º. –í—Å—Ç—Ä–µ—á–∞ –±—ã–ª–∞ –∂–∞—Ä–∫–æ–π, –º–æ–∂–Ω–æ —Å–∫–∞–∑–∞—Ç—å —Å –æ–≥–æ–Ω—å–∫–æ–ºüî•.

üòå–°–≤–æ–±–æ–¥–Ω—ã–π –•–µ—Ä—Å–æ–Ω",deoccupied,"['territory', 'entertainment', 'politics', 'economy']","[0.48218634724617004, 0.29057180881500244, 0.12667715549468994, 0.10056467354297638]",4,3,3,0,0,4,0,5
16,"–°—Ç–∞–ª–æ –≤—ñ–¥–æ–º–æ –ø—Ä–æ –∑–∞–≥–∏–±–µ–ª—å –∂—ñ–Ω–∫–∏ —É –í–µ–ª–µ—Ç–µ–Ω—Å—å–∫–æ–º—É —á–µ—Ä–µ–∑ –∞—Ç–∞–∫—É —Ä–æ—Å—ñ–π—Å—å–∫–æ–≥–æ –¥—Ä–æ–Ω–∞ 25-–≥–æ —Å—ñ—á–Ω—è.

–í–æ—Ä–æ–≥ —Å–∫–∏–Ω—É–≤ –≤–∏–±—É—Ö—ñ–≤–∫—É –∑ –ë–ø–õ–ê –Ω–∞ 50-—Ä—ñ—á–Ω—É –º—ñ—Å—Ü–µ–≤—É –∂–∏—Ç–µ–ª—å–∫—É, —á–µ—Ä–µ–∑ —â–æ –≤–æ–Ω–∞ –¥—ñ—Å—Ç–∞–ª–∞ –ø–æ—Ä–∞–Ω–µ–Ω–Ω—è, –Ω–µ—Å—É–º—ñ—Å–Ω—ñ –∑ –∂–∏—Ç—Ç—è–º.

–ú–æ—ó —Å–ø—ñ–≤—á—É—Ç—Ç—è —Ä—ñ–¥–Ω–∏–º –≤–±–∏—Ç–æ—ó.",deoccupied,"['territory', 'economy', 'politics', 'entertainment']","[0.7161461710929871, 0.11737099289894104, 0.09112078696489334, 0.07536204159259796]",2,3,2,0,0,0,4,0
17,"–ö–∏—Ç–∞–π –ø—Ä–æ–≤–µ–ª —É—Å–ø–µ—à–Ω—ã–µ –∏—Å–ø—ã—Ç–∞–Ω–∏—è –Ω–µ—è–¥–µ—Ä–Ω–æ–π ""–≤–æ–¥–æ—Ä–æ–¥–Ω–æ–π –±–æ–º–±—ã"" –Ω–∞ –æ—Å–Ω–æ–≤–µ –≥–∏–¥—Ä–∏–¥–∞ –º–∞–≥–Ω–∏—è,
—Å–æ–æ–±—â–∞–µ—Ç –≥–∞–∑–µ—Ç–∞ South China Morning Post

–ò–∑–•–µ—Ä—Å–æ–Ω–µ—Ü - http://t.me/Kherson_Uyut
–ü—Ä–∏—Å–ª–∞—Ç—å —Å–æ–æ–±—â–µ–Ω–∏–µ –≤ –±–æ—Ç",deoccupied,"['territory', 'economy', 'politics', 'entertainment']","[0.6608117818832397, 0.1889595240354538, 0.11095543950796127, 0.03927323594689369]",0,1,0,0,0,0,0,0
18,"–ü—Ä–æ–¥–∞–≤–∞–ª–∞ –≥—Ä–∞–Ω–∞—Ç–∏: –Ω–∞ –ß–µ—Ä–Ω—ñ–≥—ñ–≤—â–∏–Ω—ñ –∑–∞—Ç—Ä–∏–º–∞–ª–∏ –∂—ñ–Ω–∫—É, —è–∫—É –ø—ñ–¥–æ–∑—Ä—é—é—Ç—å —É —Ç–æ—Ä–≥—ñ–≤–ª—ñ –∑–±—Ä–æ—î—é —ñ –±–æ—î–ø—Ä–∏–ø–∞—Å–∞–º–∏.",deoccupied,"['territory', 'economy', 'politics', 'entertainment']","[0.9535301327705383, 0.02827913500368595, 0.010500721633434296, 0.00769005436450243]",2,1,1,0,0,1,0,0
19,"‚ùóÔ∏è–ü–æ—Å–ª–µ 22:30 ‚è±Ô∏è –≤—Ä–∞–≥ –Ω–∞—á–∞–ª –∞—Ä—Ç–æ–±—Å—Ç—Ä–µ–ª –ö–æ—Ä–∞–±–µ–ª—å–Ω–æ–≥–æ —Ä–∞–π–æ–Ω–∞ –•–µ—Ä—Å–æ–Ω–∞üá∫üá¶

‚ùóÔ∏è–û–∫–æ–ª–æ 21:50 ‚è±Ô∏è –∞—Ä—Ç–∏–ª–ª–µ—Ä–∏—è —Ä—Ñ –Ω–∞–Ω–µ—Å–ª–∞ —É–¥–∞—Ä—ã –ø–æ —Ä–∞–π–æ–Ω—É –í–æ—Å—Ç–æ—á–Ω–æ–≥–æ / –ö–∏–Ω–¥–∏–π–∫–∏

@kherson_non_fake",deoccupied,"['territory', 'politics', 'economy', 'entertainment']","[0.7680827975273132, 0.1014481782913208, 0.09177451580762863, 0.03869445621967316]",1,2,2,0,0,0,3,0
20,"‚ùóÔ∏è–°—å–æ–≥–æ–¥–Ω—ñ —É –î–∞—Ä‚Äô—ó–≤—Ü—ñ –ø—ñ–¥ —É–¥–∞—Ä –≤–æ—Ä–æ–∂–æ–≥–æ –±–µ–∑–ø—ñ–ª–æ—Ç–Ω–∏–∫–∞ –ø–æ—Ç—Ä–∞–ø–∏–ª–∞ —â–µ –æ–¥–Ω–∞ –º—ñ—Å—Ü–µ–≤–∞ –∂–∏—Ç–µ–ª—å–∫–∞.

–í–Ω–∞—Å–ª—ñ–¥–æ–∫ —Å–∫–∏–¥–∞–Ω–Ω—è –≤–∏–±—É—Ö—ñ–≤–∫–∏ –∑ –ë–ø–õ–ê 48-—Ä—ñ—á–Ω–∞ –∂—ñ–Ω–∫–∞ –¥—ñ—Å—Ç–∞–ª–∞ –≤–∏–±—É—Ö–æ–≤—É —Ç—Ä–∞–≤–º—É —Ç–∞ —É–ª–∞–º–∫–æ–≤–µ –ø–æ—Ä–∞–Ω–µ–Ω–Ω—è —Ä—É–∫–∏.

–ë—Ä–∏–≥–∞–¥–∞ ¬´–µ–∫—Å—Ç—Ä–µ–Ω–∫–∏¬ª –Ω–∞–¥–∞–ª–∞ —ó–π –º–µ–¥–∏—á–Ω—É –¥–æ–ø–æ–º–æ–≥—É –Ω–∞ –º—ñ—Å—Ü—ñ. –í—ñ–¥ –≥–æ—Å–ø—ñ—Ç–∞–ª—ñ–∑–∞—Ü—ñ—ó –ø–æ—Ç–µ—Ä–ø—ñ–ª–∞ –≤—ñ–¥–º–æ–≤–∏–ª–∞—Å—å.",deoccupied,"['territory', 'entertainment', 'economy', 'politics']","[0.7641267776489258, 0.10314110666513443, 0.07332120090723038, 0.05941085144877434]",0,2,1,0,0,0,3,0
21,"‚Äã–£ –ö–æ—Ä—é–∫—ñ–≤—Å—å–∫–æ–º—É —Ä–∞–π–æ–Ω—ñ –Ω–∞ –∞–≤—Ç–æ–¥–æ—Ä–æ–∑—ñ ¬´–ú–µ–Ω–∞-–ú–∞–∫–æ—à–∏–Ω–æ¬ª —Å—Ç–∞–ª–∞—Å—è –î–¢–ü. –í–æ–¥—ñ–π–∫–∞ –ª–µ–≥–∫–æ–≤–æ–≥–æ –∞–≤—Ç–æ–º–æ–±—ñ–ª—è –≤—Ç—Ä–∞—Ç–∏–ª–∞ –∫–µ—Ä—É–≤–∞–Ω–Ω—è, –∑‚Äô—ó—Ö–∞–ª–∞ –Ω–∞ —É–∑–±—ñ—á—á—è, –ø—ñ—Å–ª—è —á–æ–≥–æ –º–∞—à–∏–Ω–∞ –ø–µ—Ä–µ–∫–∏–Ω—É–ª–∞—Å—è. –ñ—ñ–Ω–∫—É –∑ —Ç—Ä–∞–≤–º–∞–º–∏ –≥–æ—Å–ø—ñ—Ç–∞–ª—ñ–∑—É–≤–∞–ª–∏ –¥–æ –ª—ñ–∫–∞—Ä–Ω—ñ. –ü—Ä–æ —Ü–µ –ø–æ–≤—ñ–¥–æ–º–ª—è—î –î–µ–ø–∞—Ä—Ç–∞–º–µ–Ω—Ç –∑ –ø–∏—Ç–∞–Ω—å —Ü–∏–≤—ñ–ª—å–Ω–æ–≥–æ –∑–∞—Ö–∏—Å—Ç—É –ß–µ—Ä–Ω—ñ–≥—ñ–≤—Å—å–∫–æ—ó –û–í–ê.",deoccupied,"['territory', 'politics', 'economy', 'entertainment']","[0.9141294360160828, 0.03734965994954109, 0.03539386764168739, 0.013127002865076065]",0,1,0,0,0,0,0,0
22,"‚ö°Ô∏è –ê–≤—ñ–∞—Ü—ñ—è –≤—ñ–¥–ª–µ—Ç—ñ–ª–∞ –≤—ñ–¥ –ø—É—Å–∫–æ–≤–∏—Ö. –û—á—ñ–∫—É—î–º–æ –≤—ñ–¥–±—ñ–π, —è–∫—â–æ –Ω–µ –±—É–¥–µ –Ω–æ–≤–∏—Ö –±–æ—Ä—Ç—ñ–≤",deoccupied,"['territory', 'economy', 'politics', 'entertainment']","[0.5836522579193115, 0.16777706146240234, 0.129908487200737, 0.11866222321987152]",0,1,0,0,0,0,0,0
23,"‚Äã–ú–µ–Ω—Å—å–∫–∏–π —Ü–µ–Ω—Ç—Ä –ø–µ—Ä–≤–∏–Ω–Ω–æ—ó –º–µ–¥–∏–∫–æ-—Å–∞–Ω—ñ—Ç–∞—Ä–Ω–æ—ó –¥–æ–ø–æ–º–æ–≥–∏ —Å—Ç–∞–≤ –±—ñ–ª—å—à –µ–Ω–µ—Ä–≥–æ–Ω–µ–∑–∞–ª–µ–∂–Ω–∏–º. –ó–∞–≤–¥—è–∫–∏ –ø—ñ–¥—Ç—Ä–∏–º—Ü—ñ Ukraine2Power –∑–∞–∫–ª–∞–¥ –æ—Ç—Ä–∏–º–∞–≤ –º–æ–±—ñ–ª—å–Ω—É –∑–∞—Ä—è–¥–Ω—É —Å—Ç–∞–Ω—Ü—ñ—é, —è–∫–∞ –∑–∞–±–µ–∑–ø–µ—á—É—î –±–µ–∑–ø–µ—Ä–µ–±—ñ–π–Ω–µ –∑–±–µ—Ä–µ–∂–µ–Ω–Ω—è –≤–∞–∫—Ü–∏–Ω –Ω–∞–≤—ñ—Ç—å –ø—ñ–¥ —á–∞—Å –≤—ñ–¥–∫–ª—é—á–µ–Ω—å –µ–ª–µ–∫—Ç—Ä–æ–µ–Ω–µ—Ä–≥—ñ—ó. –ü—Ä–æ —Ü–µ –ø–æ–≤—ñ–¥–æ–º–ª—è—î –ú–µ–Ω—Å—å–∫–∞ –º—ñ—Å—å–∫–∞ —Ä–∞–¥–∞.",deoccupied,"['territory', 'economy', 'politics', 'entertainment']","[0.6521417498588562, 0.29799410700798035, 0.02904054895043373, 0.02082359418272972]",0,1,0,0,0,0,3,0
24,"üí•–í–æ—Ä–æ–≥ –º–∞—Å–æ–≤–∞–Ω–æ –∞—Ç–∞–∫—É–≤–∞–≤ –û–¥–µ—Å—É —É–¥–∞—Ä–Ω–∏–º–∏ –±–µ–∑–ø—ñ–ª–æ—Ç–Ω–∏–∫–∞–º–∏, ‚Äî –û–í–ê

–£ –º—ñ—Å—Ç—ñ –ø–æ—à–∫–æ–¥–∂–µ–Ω–æ —Ü–∏–≤—ñ–ª—å–Ω—É —ñ–Ω—Ñ—Ä–∞—Å—Ç—Ä—É–∫—Ç—É—Ä—É, –∂–∏—Ç–ª–æ–≤—ñ –±—É–¥–∏–Ω–∫–∏, –Ω–∞–≤—á–∞–ª—å–Ω–∏–π –∑–∞–∫–ª–∞–¥, —Ç—Ä–∞–Ω—Å–ø–æ—Ä—Ç–Ω—ñ –∑–∞—Å–æ–±–∏, –∑–∞–π–Ω—è–ª–∏—Å—è –ø–æ–∂–µ–∂—ñ.

–ù–∞–¥ –ª—ñ–∫–≤—ñ–¥–∞—Ü—ñ—î—é –Ω–∞—Å–ª—ñ–¥–∫—ñ–≤ —Ä–æ—Å—ñ–π—Å—å–∫–∏—Ö –∞—Ç–∞–∫ –ø—Ä–∞—Ü—é—é—Ç—å —É—Å—ñ –≤—ñ–¥–ø–æ–≤—ñ–¥–Ω—ñ —Å–ª—É–∂–±–∏.

–ó–∞ –ø–æ–ø–µ—Ä–µ–¥–Ω—å–æ—é —ñ–Ω—Ñ–æ—Ä–º–∞—Ü—ñ—î—é –ø–æ—Å—Ç—Ä–∞–∂–¥–∞–ª–∏ 3 –æ—Å–æ–±–∏.

üçâ –ü–Ü–î–ü–ò–°–ê–¢–ò–°–¨ –ù–ê –ö–ê–ù–ê–õ",deoccupied,"['territory', 'politics', 'economy', 'entertainment']","[0.5805098414421082, 0.16952800750732422, 0.16107410192489624, 0.08888805657625198]",2,3,2,0,0,1,4,0
25,"#–æ–±—Å—Ç–∞–Ω–æ–≤–∫–∞_–∫—Ä–∞—Ç–∫–æ
–ò–∑ —Ç–æ–π –∏—Å—Ç–æ—Ä–∏–∏, –∫–∞–∫ –Ω–∞ —Å–∞–º–æ–º –¥–µ–ª–µ –≤—Å—ë —Å–ª–æ–∂–∏–ª–æ—Å—å –¥–ª—è –í–°–£ –≤ –ø—Ä–∏–≥—Ä–∞–Ω–∏—á—å–µ –ö—É—Ä—Å–∫–æ–π –æ–±–ª–∞—Å—Ç–∏. –ü–æ –¥–∞–Ω–Ω—ã–º –æ—Ç–∫—Ä—ã—Ç—ã—Ö –∏—Å—Ç–æ—á–Ω–∏–∫–æ–≤, –ø—Ä–æ—Ç–∏–≤–Ω–∏–∫ –Ω–µ—Å—ë—Ç –≤—ã—Å–æ–∫–∏–µ –ø–æ—Ç–µ—Ä–∏ –∏ —Ç–µ—Ä—Ä–∏—Ç–æ—Ä–∏–∞–ª—å–Ω–æ –Ω–µ —Å–º–æ–≥ —Å–¥–µ—Ä–∂–∞—Ç—å –Ω–∞–ø–æ—Ä —Ä–æ—Å—Å–∏–π—Å–∫–∏—Ö –≤–æ–π—Å–∫. –í —Å–≤—è–∑–∏ —Å —ç—Ç–∏–º —á–∞—Å—Ç—å –ø–æ–¥—Ä–∞–∑–¥–µ–ª–µ–Ω–∏–π –í–°–£ –æ–∫–∞–∑–∞–ª–∞—Å—å –≤ ¬´–∫–æ—Ç–ª–∞—Ö¬ª, –ª—é–¥–∏ –Ω–∞—á–∞–ª–∏ –ø–∞–Ω–∏–∫–æ–≤–∞—Ç—å, –∞ –ì–® –£–∫—Ä–∞–∏–Ω—ã –Ω–µ —Å–º–æ–≥ –∏—Å–ø—Ä–∞–≤–∏—Ç—å —Å–∏—Ç—É–∞—Ü–∏—é –≤ —Å–≤—è–∑–∏ —Å —Ç–µ–º, —á—Ç–æ –∏—Ö –ø–æ–¥—á–∏–Ω–µ–Ω–Ω—ã–µ –¥—Ä–æ–≥–Ω—É–ª–∏ –∏ –ø–æ—Ç–µ—Ä—è–ª–∏ –≤–µ—Ä—É –≤ —Ä—É–∫–æ–≤–æ–¥—Å—Ç–≤–æ. –ò–∑ —ç—Ç–æ–≥–æ —Å–ª–µ–¥—É–µ—Ç, —á—Ç–æ –µ–¥–∏–Ω—Å—Ç–≤–µ–Ω–Ω—ã–π –≤–∞—Ä–∏–∞–Ω—Ç –≤—ã–∂–∏—Ç—å –¥–ª—è —Å–æ–ª–¥–∞—Ç –í–°–£ ‚Äî –±—Ä–æ—Å–∏—Ç—å –≤—Å—ë –∏ –±–µ–∂–∞—Ç—å –ª–∏–±–æ —Å–¥–∞—Ç—å—Å—è –≤ –ø–ª–µ–Ω —Ä–æ—Å—Å–∏–π—Å–∫–∏–º –≤–æ–π—Å–∫–∞–º.

‚ùóÔ∏è –°–æ–ª–¥–∞—Ç—ã –í–°–£, –Ω–∞ —Ñ—Ä–æ–Ω—Ç–µ –í–∞—Å –∂–¥—ë—Ç –ª–∏—à—å —Å–º–µ—Ä—Ç—å. –ï—Å–ª–∏ –≤—ã —Ö–æ—Ç–∏—Ç–µ –∏–∑–±–µ–∂–∞—Ç—å –≥–∏–±–µ–ª–∏ - –ø–∏—à–∏—Ç–µ –Ω–∞ –∞–∫–∫–∞—É–Ω—Ç https://t.me/FREE_SOLDIER2022, —Ç–∞–º –í–∞–º –ø–æ–º–æ–≥—É—Ç –æ—Å—Ç–∞—Ç—å—Å—è –≤ –∂–∏–≤—ã—Ö –∏ –≤–µ—Ä–Ω—É—Ç—å—Å—è –¥–æ–º–æ–π –∫ —Å–µ–º—å–µ.

–ü–æ–¥–ø–∏—Å–∞—Ç—å—Å—è –Ω–∞ –Ω–∞—à –∫–∞–Ω–∞–ª üëà
–û–±—Ä–∞—Ç–Ω–∞—è —Å–≤—è–∑—å üì≤",deoccupied,"['territory', 'politics', 'economy', 'entertainment']","[0.9917750954627991, 0.00533137796446681, 0.0018649438861757517, 0.0010285582393407822]",5,4,3,0,1,2,0,5
26,"‚ùóÔ∏è–£ –î–Ω—ñ–ø—Ä–æ–≤—Å—å–∫–æ–º—É —Ä–∞–π–æ–Ω—ñ –•–µ—Ä—Å–æ–Ω–∞ –ø—ñ–¥ —É–¥–∞—Ä –≤–æ—Ä–æ–∂–æ–≥–æ –¥—Ä–æ–Ω–∞ –ø–æ—Ç—Ä–∞–ø–∏–ª–∞ —â–µ –æ–¥–Ω–∞ –ª—é–¥–∏–Ω–∞.

55-—Ä—ñ—á–Ω–∞ –∂—ñ–Ω–∫—É –¥–æ–ø—Ä–∞–≤–∏–ª–∏ –¥–æ –ª—ñ–∫–∞—Ä–Ω—ñ —É –≤–∞–∂–∫–æ–º—É —Å—Ç–∞–Ω—ñ. –£ –ø–æ—Ç–µ—Ä–ø—ñ–ª–æ—ó - –º—ñ–Ω–Ω–æ-–≤–∏–±—É—Ö–æ–≤–∞ —Ç—Ä–∞–≤–º–∞ —Ç–∞ —Ç—Ä–∞–≤–º–∞—Ç–∏—á–Ω–∞ –∞–º–ø—É—Ç–∞—Ü—ñ—è –Ω—ñ–≥.

–õ—ñ–∫–∞—Ä—ñ —Ä–æ–±–ª—è—Ç—å –≤—Å–µ –º–æ–∂–ª–∏–≤–µ –¥–ª—è —ó—ó –ø–æ—Ä—è—Ç—É–Ω–∫—É.",deoccupied,"['territory', 'economy', 'politics', 'entertainment']","[0.8648308515548706, 0.05335686355829239, 0.04531646519899368, 0.03649579733610153]",2,4,3,0,0,0,3,0
27,"ü•É –ù–∞ –ß–µ—Ä–Ω—ñ–≥—ñ–≤—â–∏–Ω—ñ –ø—Ä–æ—Ç—è–≥–æ–º –≤–∏—Ö—ñ–¥–Ω–∏—Ö –ø–∞—Ç—Ä—É–ª—å–Ω—ñ –∑—É–ø–∏–Ω–∏–ª–∏ 31 –≤–æ–¥—ñ—è –∑ –æ–∑–Ω–∞–∫–∞–º–∏ —Å–ø'—è–Ω—ñ–Ω–Ω—è

–ü—Ä–æ—Ç—è–≥–æ–º –≤–∏—Ö—ñ–¥–Ω–∏—Ö 29-30 –±–µ—Ä–µ–∑–Ω—è –ø–∞—Ç—Ä—É–ª—å–Ω—ñ –ø–æ–ª—ñ—Ü–µ–π—Å—å–∫—ñ –≤–∏—è–≤–∏–ª–∏ –Ω–∞ –ß–µ—Ä–Ω—ñ–≥—ñ–≤—â–∏–Ω—ñ —Ç–∞ –∑–∞–¥–æ–∫—É–º–µ–Ω—Ç—É–≤–∞–ª–∏ 31 —Ñ–∞–∫—Ç –∫–µ—Ä—É–≤–∞–Ω–Ω—è –∞–≤—Ç–æ –≤–æ–¥—ñ—è–º–∏ –∑ –æ–∑–Ω–∞–∫–∞–º–∏ —Å–ø‚Äô—è–Ω—ñ–Ω–Ω—è.

–ü—Ä–æ —Ü–µ –ø–æ–≤—ñ–¥–æ–º–ª—è—î –ø–∞—Ç—Ä—É–ª—å–Ω–∞ –ø–æ–ª—ñ—Ü—ñ—è –ß–µ—Ä–Ω—ñ–≥—ñ–≤—Å—å–∫–æ—ó –æ–±–ª–∞—Å—Ç—ñ.

–ü–æ –∫–æ–∂–Ω–æ–º—É –∑ –≤–∏–ø–∞–¥–∫—ñ–≤ –ø—Ä–∞–≤–æ–æ—Ö–æ—Ä–æ–Ω—Ü—ñ —Å–∫–ª–∞–ª–∏ –∞–¥–º—ñ–Ω—ñ—Å—Ç—Ä–∞—Ç–∏–≤–Ω—ñ –º–∞—Ç–µ—Ä—ñ–∞–ª–∏, —è–∫—ñ –ø—ñ–∑–Ω—ñ—à–µ –Ω–∞–ø—Ä–∞–≤–ª—è—Ç—å –¥–æ —Å—É–¥—É.",deoccupied,"['territory', 'economy', 'entertainment', 'politics']","[0.8669177293777466, 0.06695566326379776, 0.033612173050642014, 0.03251447156071663]",1,1,1,0,0,0,0,0
28,"–ü–æ —Å–æ—Å—Ç–æ—è–Ω–∏—é –Ω–∞ 10:00 –ø–æ –≤—Å–µ–π –£–∫—Ä–∞–∏–Ω–µ –≤–≤–æ–¥—è—Ç –∞–≤–∞—Ä–∏–π–Ω—ã–µ –æ—Ç–∫–ª—é—á–µ–Ω–∏—è, ‚Äî —Å–æ–æ–±—â–∞–µ—Ç –£–∫—Ä—ç–Ω–µ—Ä–≥–æ

üá∫üá¶ –£–∫—Ä–∞–∏–Ω–∞ | –ù–æ–≤–æ—Å—Ç–∏ ‚ÄºÔ∏è",deoccupied,"['territory', 'economy', 'politics', 'entertainment']","[0.6872973442077637, 0.16399796307086945, 0.07808730751276016, 0.07061736285686493]",0,1,0,0,0,0,0,0
29,"–ñ–∏—Ç–µ–ª—å–Ω–∏—Ü–∞ –•–µ—Ä—Å–æ–Ω—Å–∫–æ–π –æ–±–ª–∞—Å—Ç–∏ –ø–µ—Ä–µ–¥–∞–≤–∞–ª–∞ –¥–∞–Ω–Ω—ã–µ –æ –í–° –†–§ –ø—Ä–µ–¥—Å—Ç–∞–≤–∏—Ç–µ–ª—è–º –í–°–£ ‚Äî —Å—É–¥ –ø—Ä–∏–≥–æ–≤–æ—Ä–∏–ª —à–ø–∏–æ–Ω–∫—É –∫ 9 –≥–æ–¥–∞–º –∫–æ–ª–æ–Ω–∏–∏

–î–µ–≤—É—à–∫–∞ —Å –∏—é–Ω—è 2022 –≥–æ–¥–∞ –ø–æ –∏—é–ª—å 2023 –≥–æ–¥–∞ —Å–æ–±–∏—Ä–∞–ª–∞ –∏ –ø–µ—Ä–µ–¥–∞–≤–∞–ª–∞ –ø—Ä–µ–¥—Å—Ç–∞–≤–∏—Ç–µ–ª—è–º –í–°–£ —Å–≤–µ–¥–µ–Ω–∏—è –æ –º–µ—Å—Ç–∞—Ö —Å–æ—Å—Ä–µ–¥–æ—Ç–æ—á–µ–Ω–∏—è –≤–æ–µ–Ω–Ω–æ—Å–ª—É–∂–∞—â–∏—Ö –∏ –≤–æ–µ–Ω–Ω–æ–π —Ç–µ—Ö–Ω–∏–∫–∏ –í–° –†–§.

–°–ø—Ä–∞–≤–µ–¥–ª–∏–≤–æ?",deoccupied,"['territory', 'politics', 'economy', 'entertainment']","[0.6493491530418396, 0.15371061861515045, 0.11851068586111069, 0.07842954993247986]",3,2,3,0,1,1,1,4
30,15.04.25  –•–µ—Ä—Å–æ–Ω: –∑–Ω–æ–≤—É —É–¥–∞—Ä –∑ –¥—Ä–æ–Ω—É –ø–æ —Ü–∏–≤—ñ–ª—å–Ω—ñ–π –∞–≤—Ç—ñ–≤—Ü—ñ,deoccupied,"['territory', 'politics', 'entertainment', 'economy']","[0.728757917881012, 0.18654674291610718, 0.04852505773305893, 0.036170292645692825]",2,3,2,0,1,1,3,1
31,"- –ö–∞–∫ –ø–æ-–≤–∞—à–µ–º—É, —Å–¥–µ–ª–∫–∞ –Ω–∞–∑—Ä–µ–≤–∞–µ—Ç? –ï—Å—Ç—å –ª–∏ —É –≤–∞—Å —É–≤–µ—Ä–µ–Ω–Ω–æ—Å—Ç—å –≤ —ç—Ç–æ–º?
- –û—á–µ–Ω—å –ø—Ä–∞–≤–∏–ª—å–Ω–æ–µ —Å–ª–æ–≤–æ, –®–æ–Ω - –Ω–∞–∑—Ä–µ–≤–∞–µ—Ç. –î–∞, —É –º–µ–Ω—è –µ—Å—Ç—å —É–≤–µ—Ä–µ–Ω–Ω–æ—Å—Ç—å. –≠—Ç–æ –±—ã–ª–∞ —É–∂–µ –º–æ—è —Ç—Ä–µ—Ç—å—è –≤—Å—Ç—Ä–µ—á–∞ —Å –Ω–∏–º –∏ –æ–Ω–∞ –¥–ª–∏–ª–∞—Å—å –ø–æ—á—Ç–∏ –ø—è—Ç—å —á–∞—Å–æ–≤. –í–º–µ—Å—Ç–µ —Å –Ω–∏–º –±—ã–ª–∏ –¥–≤–æ–µ –µ–≥–æ –±–ª–∏–∂–∞–π—à–∏—Ö —Å–æ–≤–µ—Ç–Ω–∏–∫–æ–≤ ‚Äì –£—à–∞–∫–æ–≤ –∏ –ö–∏—Ä–∏–ª–ª –î–º–∏—Ç—Ä–∏–µ–≤. –≠—Ç–æ –±—ã–ª–∞ –≤–∞–∂–Ω–∞—è –≤—Å—Ç—Ä–µ—á–∞, –≥–¥–µ –Ω–∞–∫–æ–Ω–µ—Ü‚Ä¶ –Ω–µ –≤ —Ç–æ–º —Å–º—ã—Å–ª–µ –Ω–∞–∫–æ–Ω–µ—Ü, —á—Ç–æ –ø—Ä–∏—à–ª–æ—Å—å –¥–æ–ª–≥–æ –∂–¥–∞—Ç—å, –∞ –≤ —Ç–æ–º —Å–º—ã—Å–ª–µ, —á—Ç–æ –Ω–µ —Å—Ä–∞–∑—É –¥–æ —ç—Ç–æ–≥–æ –¥–æ—à–ª–æ‚Ä¶ –¢–∞–∫ –≤–æ—Ç –Ω–∞–∫–æ–Ω–µ—Ü –¥–æ—à–ª–∞ –æ—á–µ—Ä–µ–¥—å –¥–æ —Ç–æ–≥–æ, —á—Ç–æ –∏–º–µ–Ω–Ω–æ –ü—É—Ç–∏–Ω—É –Ω—É–∂–Ω–æ –¥–ª—è —É—Å—Ç–∞–Ω–æ–≤–ª–µ–Ω–∏—è —É—Å—Ç–æ–π—á–∏–≤–æ–≥–æ –º–∏—Ä–∞. –ù–µ —Ç–æ–ª—å–∫–æ –æ–±—ã—á–Ω–æ–≥–æ –ø—Ä–µ–∫—Ä–∞—â–µ–Ω–∏—è –æ–≥–Ω—è. –ú—ã –ø–æ–ª—É—á–∏–ª–∏ –æ—Ç–≤–µ—Ç –Ω–∞ —ç—Ç–æ—Ç –≤–æ–ø—Ä–æ—Å.
- –ë—É–¥–µ—Ç –ª–∏ —Å–¥–µ–ª–∫–∞ –≤–∫–ª—é—á–∞—Ç—å —á—Ç–æ-—Ç–æ –Ω–µ–æ–∂–∏–¥–∞–Ω–Ω–æ–µ? –¢–æ, –æ —á–µ–º —Å–µ–π—á–∞—Å –Ω–∏–∫—Ç–æ –Ω–µ –∑–∞–¥—É–º—ã–≤–∞–µ—Ç—Å—è? –ú–Ω–µ, –Ω–∞–ø—Ä–∏–º–µ—Ä, –∫–∞–∂–µ—Ç—Å—è, —á—Ç–æ –í–ª–∞–¥–∏–º–∏—Ä –ü—É—Ç–∏–Ω, –≤–µ—Ä–æ—è—Ç–Ω–æ, –∑–∞—Ö–æ—á–µ—Ç –≤–æ—Å—Å—Ç–∞–Ω–æ–≤–∏—Ç—å –¥–µ–ª–æ–≤—ã–µ –æ—Ç–Ω–æ—à–µ–Ω–∏—è —Å –°–®–ê –∏ –ï–≤—Ä–æ–ø–æ–π. –ï—Å—Ç—å –ª–∏ –¥–ª—è —ç—Ç–æ–≥–æ –ø–æ—Ç–µ–Ω—Ü–∏–∞–ª?
- –°–∞–º–∞ —Å–¥–µ–ª–∫–∞ –∫–∞—Å–∞–µ—Ç—Å—è –ø—è—Ç–∏ —Ç–∞–∫ –Ω–∞–∑—ã–≤–∞–µ–º—ã—Ö —Ç–µ—Ä—Ä–∏—Ç–æ—Ä–∏–π, –Ω–æ –ø—Ä–µ–¥–ø–æ–ª–∞–≥–∞–µ—Ç—Å—è –∏ –Ω–µ—á—Ç–æ –∫—É–¥–∞ –±–æ–ª—å—à–µ–µ. –¢–µ–º–∞ –±–µ–∑–æ–ø–∞—Å–Ω–æ—Å—Ç–∏, —Ç–µ–º–∞ ¬´–Ω–µ—Ç –ù–ê–¢–û¬ª –∏ 5-–π —Å—Ç–∞—Ç—å–∏ (—É—Å—Ç–∞–≤–∞ –ù–ê–¢–û). –°–æ —Å–¥–µ–ª–∫–æ–π —É–≤—è–∑–∞–Ω–æ –º–Ω–æ–≥–æ —Ä–∞–∑–Ω—ã—Ö –¥–µ—Ç–∞–ª–µ–π. –°–∏—Ç—É–∞—Ü–∏—è —Å–ª–æ–∂–Ω–∞—è. –ú–µ–∂–¥—É —ç—Ç–∏–º–∏ –¥–≤—É–º—è —Å—Ç—Ä–∞–Ω–∞–º–∏ —Å—É—â–µ—Å—Ç–≤—É—é—Ç –æ—á–µ–Ω—å –±–æ–ª—å—à–∏–µ –ø—Ä–æ–±–ª–µ–º—ã. –ù–æ, –≤–æ–∑–º–æ–∂–Ω–æ, –º—ã —Å–µ–π—á–∞—Å —Å—Ç–æ–∏–º –Ω–∞ –≥—Ä–∞–Ω–∏ —á–µ–≥–æ-—Ç–æ —Ç–∞–∫–æ–≥–æ, —á—Ç–æ –±—É–¥–µ—Ç –∏–º–µ—Ç—å –∑–Ω–∞—á–µ–Ω–∏–µ –æ–≥—Ä–æ–º–Ω–æ–π –≤–∞–∂–Ω–æ—Å—Ç–∏ –¥–ª—è –≤—Å–µ–≥–æ –º–∏—Ä–∞. –ê –∫—Ä–æ–º–µ –≤—Å–µ–≥–æ –ø—Ä–æ—á–µ–≥–æ –ø–æ—è–≤–∏–ª–∞—Å—å –≤–æ–∑–º–æ–∂–Ω–æ—Å—Ç—å –ø–µ—Ä–µ—Å—Ç—Ä–æ–π–∫–∏ –≤—Å–µ–π —Å–∏—Å—Ç–µ–º—ã –∞–º–µ—Ä–∏–∫–∞–Ω–æ-—Ä–æ—Å—Å–∏–π—Å–∫–∏—Ö –æ—Ç–Ω–æ—à–µ–Ω–∏–π, –±–ª–∞–≥–æ–¥–∞—Ä—è –æ—á–µ–Ω—å –≤–∞–∂–Ω—ã–º –∫–æ–º–º–µ—Ä—á–µ—Å–∫–∏–º –≤–æ–∑–º–æ–∂–Ω–æ—Å—Ç—è–º. –ß—Ç–æ –≤ —Å–≤–æ—é –æ—á–µ—Ä–µ–¥—å –ø–æ–¥–∞—Ä–∏—Ç —Ä–µ–≥–∏–æ–Ω—É —Å—Ç–∞–±–∏–ª—å–Ω–æ—Å—Ç—å. –ü–∞—Ä—Ç–Ω–µ—Ä—Å—Ç–≤–æ —Ä–æ–∂–¥–∞–µ—Ç —Å—Ç–∞–±–∏–ª—å–Ω–æ—Å—Ç—å.",deoccupied,"['territory', 'economy', 'politics', 'entertainment']","[0.9973176717758179, 0.0016673572827130556, 0.0008325751405209303, 0.0001823471102397889]",1,2,3,0,2,1,1,3
32,"–í–æ–µ–Ω–Ω–æ—Å–ª—É–∂–∞—â–∏–µ –†–æ—Å–≥–≤–∞—Ä–¥–∏–∏ –¥–æ—Å—Ç–∞–≤–∏–ª–∏ –≤ –ê–ª–µ—à–∫–∏–Ω—Å–∫–∏–π –¥–µ—Ç—Å–∫–∏–π –¥–æ–º-–∏–Ω—Ç–µ—Ä–Ω–∞—Ç –≥—É–º–∞–Ω–∏—Ç–∞—Ä–Ω—É—é –ø–æ–º–æ—â—å

–†–æ—Å–≥–≤–∞—Ä–¥–µ–π—Ü—ã –ø—Ä–∏–≤–µ–∑–ª–∏ –¥–ª—è –¥–µ—Ç–µ–π –Ω–µ–æ–±—Ö–æ–¥–∏–º—ã–µ –ø—Ä–æ–¥—É–∫—Ç—ã –ø–∏—Ç–∞–Ω–∏—è. –†—É–∫–æ–≤–æ–¥—Å—Ç–≤–æ –∏ —Å–æ—Ç—Ä—É–¥–Ω–∏–∫–∏ –ê–ª–µ—à–∫–∏–Ω—Å–∫–æ–≥–æ –¥–µ—Ç—Å–∫–æ–≥–æ –¥–æ–º–∞-–∏–Ω—Ç–µ—Ä–Ω–∞—Ç–∞ –≤—ã—Ä–∞–∑–∏–ª–∏ –±–ª–∞–≥–æ–¥–∞—Ä–Ω–æ—Å—Ç—å –†–æ—Å–≥–≤–∞—Ä–¥–∏–∏ –∑–∞ –æ–∫–∞–∑–∞–Ω–Ω—É—é –ø–æ–º–æ—â—å –∏ –≤–Ω–∏–º–∞–Ω–∏–µ.

–° –ü –ê –° –ò –ë –û !

üëâ MDK –•–µ—Ä—Å–æ–Ω. –ü–æ–¥–ø–∏—Å–∞—Ç—å—Å—è",deoccupied,"['territory', 'economy', 'politics', 'entertainment']","[0.8675876259803772, 0.07696044445037842, 0.029920943081378937, 0.025530952960252762]",0,1,0,0,0,0,0,2
33,"The HALO Trust ‚Äì –Ω–∞–π–±—ñ–ª—å—à–∞ —É —Å–≤—ñ—Ç—ñ –≥—É–º–∞–Ω—ñ—Ç–∞—Ä–Ω–∞ –æ—Ä–≥–∞–Ω—ñ–∑–∞—Ü—ñ—è, —è–∫–∞ –∑–∞–π–º–∞—î—Ç—å—Å—è —Ä–æ–∑–º—ñ–Ω—É–≤–∞–Ω–Ω—è–º
–•–ê–õ–û –ø—Ä–∞—Ü—é—î –≤ –£–∫—Ä–∞—ó–Ω—ñ –∑ 2016 —Ä–æ–∫—É. –ó–∞–π–º–∞—î—Ç—å—Å—è –æ—á–∏—â–µ–Ω–Ω—è–º —Ç–µ—Ä–∏—Ç–æ—Ä—ñ–π –≤—ñ–¥ –º—ñ–Ω —Ç–∞ –≤–∏–±—É—Ö–æ–Ω–µ–±–µ–∑–ø–µ—á–Ω–∏—Ö –ø—Ä–µ–¥–º–µ—Ç—ñ–≤, –Ω–∞–≤—á–∞—î –∂–∏—Ç–µ–ª—ñ–≤ –ø—Ä–∞–≤–∏–ª–∞–º –±–µ–∑–ø–µ—á–Ω–æ—ó –ø–æ–≤–µ–¥—ñ–Ω–∫–∏ –≤ —É–º–æ–≤–∞—Ö –≤—ñ–π–Ω–∏.
–ù–∞—Ä–∞–∑—ñ –æ—Ä–≥–∞–Ω—ñ–∑–∞—Ü—ñ—è –º–∞—î –≥—Ä—É–ø–∏ –æ–±—Å—Ç–µ–∂–µ–Ω–Ω—è —Ç–∞ —Ä–æ–∑–º—ñ–Ω—É–≤–∞–Ω–Ω—è –≤ –ö–∏—ó–≤—Å—å–∫—ñ–π, –ß–µ—Ä–Ω—ñ–≥—ñ–≤—Å—å–∫—ñ–π —Ç–∞ –°—É–º—Å—å–∫—ñ–π –æ–±–ª–∞—Å—Ç—è—Ö.

‚ö†Ô∏è –î–æ –Ω–∞—Å—Ç—É–ø–Ω–æ—ó –ø‚Äô—è—Ç–Ω–∏—Ü—ñ (–¥–æ 19 –ª–∏–ø–Ω—è) –•–ê–õ–û –ø—Ä–∞—Ü—é–≤–∞—Ç–∏–º–µ —É –Ω–∞—à—ñ–π –≥—Ä–æ–º–∞–¥—ñ —ñ –ø—Ä–æ–≤–æ–¥–∏—Ç–∏–º–µ —ñ–Ω—Ñ–æ—Ä–º–∞—Ü—ñ–π–Ω—É –∫–∞–º–ø–∞–Ω—ñ—é. –ó–æ–∫—Ä–µ–º–∞ –∫–æ–º–∞–Ω–¥–∞ –æ—Ä–≥–∞–Ω—ñ–∑–∞—Ü—ñ—ó –ø—Ä–æ–≤–æ–¥–∏—Ç–∏–º–µ –æ–ø–∏—Ç—É–≤–∞–Ω–Ω—è –Ω–∞ –≤—É–ª–∏—Ü—è—Ö –Ω–∞—à–æ—ó –≥—Ä–æ–º–∞–¥–∏, —Ä–æ–∑–ø–æ–≤—Å—é–¥–∂—É–≤–∞—Ç–∏–º–µ —ñ–Ω—Ñ–æ—Ä–º–∞—Ü—ñ–π–Ω—ñ –º–∞—Ç–µ—Ä—ñ–∞–ª–∏, —â–æ–± –º–∞–∫—Å–∏–º–∞–ª—å–Ω–æ —ñ–Ω—Ñ–æ—Ä–º—É–≤–∞—Ç–∏ –∂–∏—Ç–µ–ª—ñ–≤ –ö–æ—Ä—é–∫—ñ–≤—â–∏–Ω–∏ –ø—Ä–æ –º—ñ–Ω–Ω—É –Ω–µ–±–µ–∑–ø–µ–∫—É.",deoccupied,"['territory', 'politics', 'economy', 'entertainment']","[0.9510442614555359, 0.018547039479017258, 0.017496926710009575, 0.012911787256598473]",0,1,0,0,0,0,2,0
34,"–ù–∞ –•–µ—Ä—Å–æ–Ω—Å–∫–æ–º –Ω–∞–ø—Ä–∞–≤–ª–µ–Ω–∏–∏, –∞–∫—Ç–∏–≤–Ω–æ –ø—Ä–∏–º–µ–Ω—è—é—Ç—Å—è FPV-–¥—Ä–æ–Ω—ã –∏ –ú–∞–≤–∏–∫–∏ —Å–æ —Å–±—Ä–æ—Å–∞–º–∏. –ë–∞–±—è –Ø–≥–∞ —ç—Ç–æ –æ—Ç–¥–µ–ª—å–Ω–∞—è —Ç–µ–º–∞ –¥–ª—è —Ä–∞–∑–≥–æ–≤–æ—Ä–∞. –í—ã–∂–∏–≤–∞–Ω–∏–µ –∑–∞–≤–∏—Å–∏—Ç –Ω–µ —Ç–æ–ª—å–∫–æ –æ—Ç –ø–æ–¥–≥–æ—Ç–æ–≤–∫–∏, –Ω–æ –∏ –æ—Ç —Å–ø–æ—Å–æ–±–Ω–æ—Å—Ç–∏ –∞–¥–∞–ø—Ç–∏—Ä–æ–≤–∞—Ç—å—Å—è –∫ –Ω–æ–≤—ã–º —É–≥—Ä–æ–∑–∞–º –ø–æ–¥—Ä–∞–∑–¥–µ–ª–µ–Ω–∏—è, –æ—Ä–≥–∞–Ω–∏–∑–∞—Ü–∏—è –†–≠–† –∏ –†–≠–ë. –•–æ—Ç—è –±—ã –æ–∫–æ–ø–Ω–æ–≥–æ.  –í–æ—Ç —Å–æ–±—Ä–∞–ª–∏ –Ω–µ—Å–∫–æ–ª—å–∫–æ –ø—Ä–∞–∫—Ç–∏—á–µ—Å–∫–∏—Ö —Ä–µ–∫–æ–º–µ–Ω–¥–∞—Ü–∏–π, –æ—Å–Ω–æ–≤–∞–Ω–Ω—ã–µ –Ω–∞ –æ–ø—ã—Ç–µ, –∫–æ—Ç–æ—Ä—ã–µ –ø–æ–º–æ–≥—É—Ç –º–∏–Ω–∏–º–∏–∑–∏—Ä–æ–≤–∞—Ç—å —Ä–∏—Å–∫ –æ–±–Ω–∞—Ä—É–∂–µ–Ω–∏—è –∏ –ø–æ—Ä–∞–∂–µ–Ω–∏—è.‚Äã –ú–Ω–æ–≥–æ–µ –∑–∞–≤–∏—Å–∏—Ç –æ—Ç —Å–∞–º–æ–≥–æ —Å–µ–±—è –∏ —Å–≤–æ–µ–π –ø–æ–¥–≥–æ—Ç–æ–≤–∫–∏. –í–¥—Ä—É–≥ –∫–æ–º—É –ø—Ä–∏–≥–æ–¥—è—Ç—Å—è —ç—Ç–∏ –ø—Ä–æ—Å—Ç—ã–µ –∏—Å—Ç–∏–Ω—ã.

–ö–∞–∫ –º–∏–Ω–∏–º–∏–∑–∏—Ä–æ–≤–∞—Ç—å –æ–±–Ω–∞—Ä—É–∂–µ–Ω–∏–µ –Ω–∞ –ø–æ–∑–∏—Ü–∏—è—Ö

1. –ú–∞—Å–∫–∏—Ä–æ–≤–∫–∞ –∏ —É–∫—Ä—ã—Ç–∏–µ
–ò—Å–ø–æ–ª—å–∑—É–π—Ç–µ –º–∞—Å–∫–∏—Ä–æ–≤–æ—á–Ω—ã–µ —Å–µ—Ç–∏ –∏ –µ—Å—Ç–µ—Å—Ç–≤–µ–Ω–Ω—ã–µ —É–∫—Ä—ã—Ç–∏—è: –≠—Ç–æ –∑–∞—Ç—Ä—É–¥–Ω–∏—Ç –≤–∏–∑—É–∞–ª—å–Ω–æ–µ –æ–±–Ω–∞—Ä—É–∂–µ–Ω–∏–µ —Å –≤–æ–∑–¥—É—Ö–∞.

–ò–∑–±–µ–≥–∞–π—Ç–µ —Å–æ–∑–¥–∞–Ω–∏—è —Ç–µ–ø–ª–æ–≤—ã—Ö –∞–Ω–æ–º–∞–ª–∏–π: –ù–µ –∏—Å–ø–æ–ª—å–∑—É–π—Ç–µ –æ—Ç–∫—Ä—ã—Ç—ã–π –æ–≥–æ–Ω—å –∏ —Å—Ç–∞—Ä–∞–π—Ç–µ—Å—å –Ω–µ –ø–µ—Ä–µ–≥—Ä–µ–≤–∞—Ç—å –æ–±–æ—Ä—É–¥–æ–≤–∞–Ω–∏–µ, —á—Ç–æ–±—ã –Ω–µ –ø—Ä–∏–≤–ª–µ–∫–∞—Ç—å –≤–Ω–∏–º–∞–Ω–∏–µ —Ç–µ–ø–ª–æ–≤–∏–∑–æ—Ä–æ–≤.‚Äã

2. –°–Ω–∏–∂–µ–Ω–∏–µ —Ä–∞–¥–∏–æ—Å–∏–≥–Ω–∞–ª–æ–≤
–û–≥—Ä–∞–Ω–∏—á—å—Ç–µ –∏—Å–ø–æ–ª—å–∑–æ–≤–∞–Ω–∏–µ —Ä–∞–¥–∏–æ—Å–≤—è–∑–∏: –ü—Ä–∏–º–µ–Ω—è–π—Ç–µ –ø—Ä–æ–≤–æ–¥–Ω—É—é —Å–≤—è–∑—å –∏–ª–∏ –∫–æ—Ä–æ—Ç–∫–∏–µ —Ä–∞–¥–∏–æ—Å–æ–æ–±—â–µ–Ω–∏—è, —á—Ç–æ–±—ã —É–º–µ–Ω—å—à–∏—Ç—å –≤–µ—Ä–æ—è—Ç–Ω–æ—Å—Ç—å —Ä–∞–¥–∏–æ–ø–µ—Ä–µ—Ö–≤–∞—Ç–∞.

–ò—Å–ø–æ–ª—å–∑—É–π—Ç–µ —Å—Ä–µ–¥—Å—Ç–≤–∞ —Ä–∞–¥–∏–æ—ç–ª–µ–∫—Ç—Ä–æ–Ω–Ω–æ–π –±–æ—Ä—å–±—ã (–†–≠–ë). –û–Ω–∏ –º–æ–≥—É—Ç –ø–æ–¥–∞–≤–ª—è—Ç—å —Å–∏–≥–Ω–∞–ª—ã —É–ø—Ä–∞–≤–ª–µ–Ω–∏—è –¥—Ä–æ–Ω–∞–º–∏, —Å–Ω–∏–∂–∞—è –∏—Ö —ç—Ñ—Ñ–µ–∫—Ç–∏–≤–Ω–æ—Å—Ç—å.‚Äã

3. –û—Ä–≥–∞–Ω–∏–∑–∞—Ü–∏—è –ø–æ–∑–∏—Ü–∏–π
–†–∞–∑–º–µ—â–∞–π—Ç–µ –ø–æ–∑–∏—Ü–∏–∏ –ø–æ–¥ –Ω–∞–≤–µ—Å–∞–º–∏ –∏–ª–∏ –≤ —É–∫—Ä—ã—Ç–∏—è—Ö: –≠—Ç–æ –∑–∞—Ç—Ä—É–¥–Ω–∏—Ç –æ–±–Ω–∞—Ä—É–∂–µ–Ω–∏–µ —Å–≤–µ—Ä—Ö—É. –ù–µ –º—É—Å–æ—Ä–∏—Ç—å –Ω–∞ –ø–æ–∑–∏—Ü–∏—è—Ö!

–†–µ–≥—É–ª—è—Ä–Ω–æ –º–µ–Ω—è–π—Ç–µ —Ä–∞—Å–ø–æ–ª–æ–∂–µ–Ω–∏–µ –ø–æ–∑–∏—Ü–∏–π: –≠—Ç–æ —Å–Ω–∏–∑–∏—Ç —Ä–∏—Å–∫ –ø–æ–ø–∞–¥–∞–Ω–∏—è –ø–æ –∫–æ–æ—Ä–¥–∏–Ω–∞—Ç–∞–º, –ø–µ—Ä–µ–¥–∞–Ω–Ω—ã–º —Ä–∞–∑–≤–µ–¥—ã–≤–∞—Ç–µ–ª—å–Ω—ã–º–∏ –¥—Ä–æ–Ω–∞–º–∏!


–ö–∞–∫ —É–≤–µ—Ä–Ω—É—Ç—å—Å—è –æ—Ç FPV-–¥—Ä–æ–Ω–æ–≤ –∏ —Å–±—Ä–æ—Å–æ–≤

1. –ü–æ–≤–µ–¥–µ–Ω–∏–µ –ø—Ä–∏ –∞—Ç–∞–∫–µ –¥—Ä–æ–Ω–∞
–ù–µ —É–±–µ–≥–∞–π—Ç–µ —Å–ø–∏–Ω–æ–π –∫ –¥—Ä–æ–Ω—É: –õ—É—á—à–µ –¥–µ—Ä–∂–∞—Ç—å –µ–≥–æ –≤ –ø–æ–ª–µ –∑—Ä–µ–Ω–∏—è, —á—Ç–æ–±—ã –æ—Ü–µ–Ω–∏—Ç—å –Ω–∞–ø—Ä–∞–≤–ª–µ–Ω–∏–µ –∞—Ç–∞–∫–∏ –∏ –≤–æ–≤—Ä–µ–º—è —É–≤–µ—Ä–Ω—É—Ç—å—Å—è.
–ò—Å–ø–æ–ª—å–∑—É–π—Ç–µ —Ä–µ–∑–∫–∏–µ –º–∞–Ω–µ–≤—Ä—ã: –ü—Ä—ã–∂–∫–∏ –≤ —Å—Ç–æ—Ä–æ–Ω—ã –∏–ª–∏ —É–∫–ª–æ–Ω–µ–Ω–∏—è –º–æ–≥—É—Ç —Å–±–∏—Ç—å –¥—Ä–æ–Ω —Å –∫—É—Ä—Å–∞.‚Äã

2. –ò—Å–ø–æ–ª—å–∑–æ–≤–∞–Ω–∏–µ —É–∫—Ä—ã—Ç–∏–π
–ü—Ä—è—á—å—Ç–µ—Å—å –ø–æ–¥ —Ç–≤–µ—Ä–¥—ã–º–∏ –∫–æ–Ω—Å—Ç—Ä—É–∫—Ü–∏—è–º–∏: –û–Ω–∏ –º–æ–≥—É—Ç –∑–∞—â–∏—Ç–∏—Ç—å –æ—Ç —Å–±—Ä–æ—Å–æ–≤ –∏ —É–¥–∞—Ä–æ–≤ –¥—Ä–æ–Ω–æ–≤.
–ò—Å–ø–æ–ª—å–∑—É–π—Ç–µ –∞–Ω—Ç–∏–¥—Ä–æ–Ω–Ω—ã–µ —Å–µ—Ç–∫–∏: –û–Ω–∏ –º–æ–≥—É—Ç –∑–∞–¥–µ—Ä–∂–∞—Ç—å –∏–ª–∏ —Å–±–∏—Ç—å –¥—Ä–æ–Ω –¥–æ —Ç–æ–≥–æ, –∫–∞–∫ –æ–Ω –¥–æ—Å—Ç–∏–≥–Ω–µ—Ç —Ü–µ–ª–∏.‚Äã –ü—Ä—è—á–µ—Ç–µ—Å—å –ø–æ–¥ –≥—É—Å—Ç—ã–º–∏ –≤–µ—Ç–∫–∞–º–∏ –¥–µ—Ä–µ–≤—å–µ–≤, –∫—É—Å—Ç–æ–≤.


3. –û–±–º–∞–Ω –¥—Ä–æ–Ω–æ–≤
–ò—Å–ø–æ–ª—å–∑—É–π—Ç–µ –ª–æ–∂–Ω—ã–µ —Ü–µ–ª–∏: –†–∞–∑–º–µ—â–∞–π—Ç–µ –º—É–ª—è–∂–∏ —Ç–µ—Ö–Ω–∏–∫–∏ –∏–ª–∏ –ø–æ–∑–∏—Ü–∏–π, —á—Ç–æ–±—ã –æ—Ç–≤–ª–µ—á—å –≤–Ω–∏–º–∞–Ω–∏–µ –æ–ø–µ—Ä–∞—Ç–æ—Ä–æ–≤ –¥—Ä–æ–Ω–æ–≤ –ø—Ä–æ—Ç–∏–≤–Ω–∏–∫–∞.

–î–æ–ø–æ–ª–Ω–∏—Ç–µ–ª—å–Ω—ã–µ –º–µ—Ä—ã –±–µ–∑–æ–ø–∞—Å–Ω–æ—Å—Ç–∏:

‚ñ™Ô∏è–û–±—É—á–µ–Ω–∏–µ –∏ —Ç—Ä–µ–Ω–∏—Ä–æ–≤–∫–∏. –†–µ–≥—É–ª—è—Ä–Ω–æ –ø—Ä–æ–≤–æ–¥–∏—Ç–µ —É—á–µ–Ω–∏—è –ø–æ –¥–µ–π—Å—Ç–≤–∏—è–º –ø—Ä–∏ –∞—Ç–∞–∫–µ –¥—Ä–æ–Ω–æ–≤.

‚ñ™Ô∏è–ò—Å–ø–æ–ª—å–∑–æ–≤–∞–Ω–∏–µ —Å–ø–µ—Ü–∏–∞–ª—å–Ω—ã—Ö —Å—Ä–µ–¥—Å—Ç–≤ –∑–∞—â–∏—Ç—ã. –ü—Ä–∏–º–µ–Ω—è–π—Ç–µ –°–ò–ó (–±—Ä–æ–Ω–µ–∂–∏–ª–µ—Ç, –∫–∞—Å–∫–∞, –Ω–∞–ø–∞—à–Ω–∏–∫, –∑–∞—â–∏—Ç–∞ –∑–∞—Ç—ã–ª–∫–∞ –∏ —Ç.–¥.) —Å–ø–æ—Å–æ–±–Ω—ã–µ —Å–Ω–∏–∑–∏—Ç—å —Ç—Ä–∞–≤–º—ã –æ—Ç –æ—Å–∫–æ–ª–∫–æ–≤.

‚ñ™Ô∏è–°–±–æ—Ä –∏ –∞–Ω–∞–ª–∏–∑ –∏–Ω—Ñ–æ—Ä–º–∞—Ü–∏–∏. –û—Ç—Å–ª–µ–∂–∏–≤–∞–π—Ç–µ –Ω–æ–≤—ã–µ –º–µ—Ç–æ–¥—ã –∞—Ç–∞–∫–∏ –ø—Ä–æ—Ç–∏–≤–Ω–∏–∫–∞ –∏ –∞–¥–∞–ø—Ç–∏—Ä—É–π—Ç–µ —Å–≤–æ–∏ –º–µ—Ä—ã –∑–∞—â–∏—Ç—ã —Å–æ–æ—Ç–≤–µ—Ç—Å—Ç–≤–µ–Ω–Ω–æ.

–ü–æ–Ω—è—Ç–Ω–æ, —á—Ç–æ –≤—Å—ë —ç—Ç–æ —Å–ª–æ–∂–Ω–æ, –Ω–æ –≤ —Ü–µ–ª–æ–º, —É –Ω–∞—Å –≤–µ–¥—ë—Ç—Å—è —Ö–æ—Ä–æ—à–∞—è —Ä–∞–¥–∏–æ—ç–ª–µ–∫—Ç—Ä–æ–Ω–Ω–∞—è –±–æ—Ä—å–±–∞ —Å –ë–ü–õ–ê –í–°–£, –∫–æ—Ç–æ—Ä–∞—è –º–∏–Ω–∏–º–∏–∑–∏—Ä—É–µ—Ç –ø–æ—Ç–µ—Ä–∏, –ø–æ–≤—Ä–µ–∂–¥–µ–Ω–∏—è –∏ —É–Ω–∏—á—Ç–æ–∂–µ–Ω–∏—è —Ç–µ—Ö–Ω–∏–∫–∏ –∏ –∏–Ω—Ñ—Ä–∞—Å—Ç—Ä—É–∫—Ç—É—Ä—ã.


ü¶Ö –ü–æ–¥–ø–∏—Å–∞—Ç—å—Å—è | –ù–∞—à —á–∞—Ç üëå",deoccupied,"['territory', 'economy', 'politics', 'entertainment']","[0.7054188847541809, 0.13399313390254974, 0.10642042011022568, 0.05416757985949516]",1,1,1,0,0,0,0,3
35,"–ü–æ –¥–∞–Ω–∏–º –≤—ñ–¥ –ø–∞—Ä—Ç–∏–∑–∞–Ω—ñ–≤ –≤ –ë—ñ–ª–æ–º—É –î–æ–º—ñ, —è–∫—ñ –Ω–∞–±–ª–∏–∂–µ–Ω—ñ –¥–æ –ø—Ä–µ–∑–∏–¥–µ–Ω—Ç–∞ –¢—Ä–∞–º–ø–∞, —É–≥–æ–¥–∞ –º—ñ–∂ –£–∫—Ä–∞—ó–Ω–æ—é —Ç–∞ —Ä—É—Å–Ω–µ—é –±—É–¥–µ –ø—ñ–¥–ø–∏—Å–∞–Ω–∞ 30 –ª—é—Ç–æ–≥–æ –ø–æ—Ç–æ—á–Ω–æ–≥–æ —Ä–æ–∫—É.

–ó–∞–ø–∞–º'—è—Ç–∞–π—Ç–µ —Ü–µ–π ""—Ç–≤—ñ—Ç"".",deoccupied,"['territory', 'politics', 'economy', 'entertainment']","[0.5150659680366516, 0.3882034718990326, 0.0689534917473793, 0.027777083218097687]",3,2,3,4,4,5,2,2
36,"üî¥–†–æ—Å—ñ—è –≥–æ—Ç—É—î –Ω–∞—Å—Ç—É–ø –≤–ª—ñ—Ç–∫—É –Ω–∞ –ø—ñ–≤–Ω—ñ—á –£–∫—Ä–∞—ó–Ω–∏.

–ó–∞ —ñ–Ω—Ñ–æ—Ä–º–∞—Ü—ñ—î—é –≤—ñ–π—Å—å–∫–æ–≤–∏—Ö, –≤–æ—Ä–æ–≥ –ø–ª–∞–Ω—É—î –∞–∫—Ç–∏–≤–Ω—ñ –±–æ–π–æ–≤—ñ –¥—ñ—ó –Ω–∞ —Ç–µ—Ä–∏—Ç–æ—Ä—ñ—ó –ß–µ—Ä–Ω—ñ–≥—ñ–≤—Å—å–∫–æ—ó —Ç–∞ –°—É–º—Å—å–∫–æ—ó –æ–±–ª–∞—Å—Ç–µ–π.

–¶—ñ–ª—ñ –ø—Ä–æ—Ç–∏–≤–Ω–∏–∫–∞ ‚Äî —Å—Ç–≤–æ—Ä–µ–Ω–Ω—è –±—É—Ñ–µ—Ä–Ω–æ—ó –∑–æ–Ω–∏, –∞ –≤ —ñ–¥–µ–∞–ª—ñ ‚Äî –ø–æ–≤–Ω–∞ –æ–∫—É–ø–∞—Ü—ñ—è —Ä–µ–≥—ñ–æ–Ω—ñ–≤.

–ù–µ–∑–∞–ª–µ–∂–Ω–∏–π –ß–µ—Ä–Ω—ñ–≥—ñ–≤ üá∫üá¶ | –ü—Ä–∏—î–¥–Ω–∞—Ç–∏—Å—å",deoccupied,"['territory', 'politics', 'entertainment', 'economy']","[0.8998113870620728, 0.04279102385044098, 0.030258560553193092, 0.02713901177048683]",2,3,2,0,1,1,4,1
37,"ü§°–õ—å–≤—ñ–≤ ‚Äî –∫–∏—Ç–∞–π—Å—å–∫–µ –º—ñ—Å—Ç–æ: –°–æ–ª–æ–≤–π–æ–± –∑–±–∏—Ä–∞—î—Ç—å—Å—è –ø–æ–¥–∞—Ä—É–≤–∞—Ç–∏ –∑–∞—Ö—ñ–¥–Ω—É –£–∫—Ä–∞—ó–Ω—É –ü–µ–∫—ñ–Ω—É.

–£ –¥—É—Ä—Ü—ñ –≤–µ—Å–Ω—è–Ω–µ –∑–∞–≥–æ—Å—Ç—Ä–µ–Ω–Ω—èü§£
–¢—Ä–µ–±–∞ –¥–µ–∫—ñ–ª—å–∫–∞ –ö–ê–ë—ñ–≤ —Å–∫–∏–Ω—É—Ç–∏ –Ω–∞ –û—Å—Ç–∞–Ω–∫—ñ–Ω–æ, –º–æ–∂–µ –¥–æ–ø–æ–º–æ–∂–µ...

–ü—ñ–¥–ø–∏—Å–∞—Ç–∏—Å—å: –•–µ—Ä—Å–æ–Ω –î–Ω—ë–º –∏ –Ω–æ—á—å—é üëà —Ç–∏—Ü—å!",deoccupied,"['territory', 'politics', 'entertainment', 'economy']","[0.6119068264961243, 0.14651161432266235, 0.14075233042240143, 0.10082921385765076]",4,3,3,0,2,4,3,1
38,"–ö–∞–¥—Ä—ã –ø—Ä–∏–Ω—É–¥–∏—Ç–µ–ª—å–Ω–æ–π –º–æ–±–∏–ª–∏–∑–∞—Ü–∏–∏ –Ω–∞¬†–£–∫—Ä–∞–∏–Ω–µ

–°–æ—Ç—Ä—É–¥–Ω–∏–∫ –¢–¶–ö –ø–æ–¥—Ä–∞–ª—Å—è —Å —É–∫—Ä–∞–∏–Ω—Ü–µ–º –≤ –ö–∏–µ–≤–µ. –ü—Ä–∏ —ç—Ç–æ–º –≤–æ –≤—Ä–µ–º—è –ø–æ—Ç–∞—Å–æ–≤–∫–∏ –ø–æ–ª–∏—Ü–µ–π—Å–∫–∏–π —Ä–∞—Å–ø—ã–ª–∏–ª –≤ –ª–∏—Ü–æ –º—É–∂—á–∏–Ω—ã –ø–µ—Ä—Ü–æ–≤—ã–π –±–∞–ª–ª–æ–Ω—á–∏–∫.

üì±—Ç–µ–ª–µ–≥—Ä–∞–º-–∫–∞–Ω–∞–ª –•–µ—Ä—Å–æ–Ω—Å–∫–∏–π –í–µ—Å—Ç–Ω–∏–∫
üåê–≥—Ä—É–ø–ø–∞ VK –í–∫–æ–Ω—Ç–∞–∫—Ç–µ",deoccupied,"['territory', 'politics', 'entertainment', 'economy']","[0.6681999564170837, 0.1928308606147766, 0.08961654454469681, 0.04935268312692642]",4,3,4,0,0,2,0,4
39,"–í—Å—ñ—Ö —Å –í–µ–ª–∏–∫–æ–¥–Ω–µ–º!

–ù–µ—Ö–∞–π —Ü–µ–π –¥–µ–Ω—å –Ω–∞–ø–æ–≤–Ω–∏—Ç—å –≤–∞—à—ñ —Å–µ—Ä—Ü—è —Å–ø–æ–∫–æ—î–º, –≤—ñ—Ä–æ—é —Ç–∞ —Ç–µ–ø–ª–æ–º —Ä—ñ–¥–Ω–æ–≥–æ –¥–æ–º—É. –ë–µ—Ä–µ–∂—ñ–º–æ –æ–¥–Ω–µ –æ–¥–Ω–æ–≥–æ, —Ç—Ä–∏–º–∞–π–º–æ—Å—è —Ä–∞–∑–æ–º —ñ –≤—ñ—Ä–∏–º–æ ‚Äî –¥–æ–±—Ä–æ –∑–∞–≤–∂–¥–∏ –ø–µ—Ä–µ–º–∞–≥–∞—î.

–ú–∏—Ä—É –Ω–∞–º, —Å–∏–ª —ñ –ø–µ—Ä–µ–º–æ–≥–∏!

üçâ –ü–Ü–î–ü–ò–°–ê–¢–ò–°–¨ –ù–ê –ö–ê–ù–ê–õ",deoccupied,"['territory', 'entertainment', 'economy', 'politics']","[0.8823325634002686, 0.04566599801182747, 0.03687864914536476, 0.03512284532189369]",0,3,0,0,0,0,2,0
40,"–ó–∞–≤—Ç—Ä–∞, –∑ 8:00 –¥–æ 17:00, —É –∑–≤‚Äô—è–∑–∫—É –∑ –≤–∏–∫–æ–Ω–∞–Ω–Ω—è–º —Ä–µ–º–æ–Ω—Ç–Ω–∏—Ö —Ä–æ–±—ñ—Ç –Ω–∞ –ø—ñ–¥–≤–∏—â—É–≤–∞–ª—å–Ω—ñ–π –Ω–∞—Å–æ—Å–Ω—ñ–π —Å—Ç–∞–Ω—Ü—ñ—ó, —É –¢–∞–≤—Ä—ñ–π—Å—å–∫–æ–º—É –º—ñ–∫—Ä–æ—Ä–∞–π–æ–Ω—ñ –±—É–¥–µ –≤—ñ–¥—Å—É—Ç–Ω—î –≤–æ–¥–æ–ø–æ—Å—Ç–∞—á–∞–Ω–Ω—è –≤ –±—É–¥–∏–Ω–∫–∞—Ö –∑–∞ –Ω–∞—Å—Ç—É–ø–Ω–∏–º–∏ –∞–¥—Ä–µ—Å–∞–º–∏:

‚Äì –≤—É–ª. –ö–∞—Ä–±–∏—à–µ–≤–∞, 22, 24, 26, 26-–ê (–¥/—Å ‚Ññ11), 28, 28-–ê;
‚Äì –ø—Ä–æ—Å–ø.200-—Ä—ñ—á—á—è –•–µ—Ä—Å–æ–Ω–∞, 31, 33, 35, 37.

–†–µ–∫–æ–º–µ–Ω–¥—É—î–º–æ –∑—Ä–æ–±–∏—Ç–∏ –Ω–µ–æ–±—Ö—ñ–¥–Ω–∏–π –∑–∞–ø–∞—Å –≤–æ–¥–∏ –¥–ª—è –ø–∏—Ç–Ω–∏—Ö —Ç–∞ –ø–æ–±—É—Ç–æ–≤–∏—Ö –ø–æ—Ç—Ä–µ–±.

–ù–∞–¥—ñ—Å–ª–∞—Ç–∏ –Ω–æ–≤–∏–Ω—É @hueviy_kherson_Bot
üëâ–ü–Ü–î–ü–ò–°–ê–¢–ò–°–Ø",deoccupied,"['territory', 'politics', 'economy', 'entertainment']","[0.9434515833854675, 0.029783854261040688, 0.023257367312908173, 0.0035072090104222298]",0,0,0,0,0,0,0,0
41,"–†–∞–±–æ—Ç–∞ –æ–±—â–µ—Å—Ç–≤–µ–Ω–Ω–æ–≥–æ —Ç—Ä–∞–Ω—Å–ø–æ—Ä—Ç–∞, —Ä–µ–º–æ–Ω—Ç –¥–æ—Ä–æ–≥, –±–µ–∑–æ–ø–∞—Å–Ω–æ—Å—Ç—å –¥–µ—Ç–µ–π, –±–ª–∞–≥–æ—É—Å—Ç—Ä–æ–π—Å—Ç–≤–æ ‚Äì –Ω–∞ –æ–ø–µ—Ä–∞—Ç–∏–≤–Ω–æ–º —Å–æ–≤–µ—â–∞–Ω–∏–∏ –¥–∞–ª –ø–æ—Ä—É—á–µ–Ω–∏—è –ø–æ —ç—Ç–∏–º –∏ –¥—Ä—É–≥–∏–º –≤–æ–ø—Ä–æ—Å–∞–º.

‚ö´Ô∏è –ù–∞ –æ–¥–Ω–æ–π –∏–∑ –≤—Å—Ç—Ä–µ—á –∂–∏—Ç–µ–ª–∏ –ó—É–≥—Ä—ç—Å–∞ –ø—Ä–æ—Å–∏–ª–∏ –Ω–∞–ª–∞–¥–∏—Ç—å –¥–≤–∏–∂–µ–Ω–∏–µ –∞–≤—Ç–æ–±—É—Å–æ–≤ –ø–æ –º–∞—Ä—à—Ä—É—Ç—É –•–∞—Ä—Ü—ã–∑—Å–∫ ‚Äì –ò–ª–æ–≤–∞–π—Å–∫ —Å –∑–∞—Ö–æ–¥–æ–º –≤ –ó—É–≥—Ä—ç—Å, –®–∏—Ä–æ–∫–æ–µ –∏ –¢—Ä–æ–∏—Ü–∫–æ-–•–∞—Ä—Ü—ã–∑—Å–∫.

‚ö°Ô∏è –ü–æ—Ä—É—á–∏–ª –º–∏–Ω–∏—Å—Ç—Ä—É —Ç—Ä–∞–Ω—Å–ø–æ—Ä—Ç–∞ –¥–æ 28 –∞–ø—Ä–µ–ª—è —Å—Ñ–æ—Ä–º–∏—Ä–æ–≤–∞—Ç—å –≥—Ä–∞—Ñ–∏–∫ –¥–≤–∏–∂–µ–Ω–∏—è –∞–≤—Ç–æ–±—É—Å–æ–≤, —É–¥–æ–±–Ω—ã–π –¥–ª—è –∂–∏—Ç–µ–ª–µ–π, –∏ –¥–æ–≤–µ—Å—Ç–∏ –µ–≥–æ –¥–æ –≥—Ä–∞–∂–¥–∞–Ω.

‚ö´Ô∏è –û –Ω–µ–æ–±—Ö–æ–¥–∏–º–æ—Å—Ç–∏ –æ—Ç—Ä–µ–º–æ–Ω—Ç–∏—Ä–æ–≤–∞—Ç—å –º–æ—Å—Ç, –≤–µ–¥—É—â–∏–π –∫ –ó–∞—Ä–µ—á—å—é, –º–µ–Ω—è —Ç–∞–∫–∂–µ –ø—Ä–æ—Å–∏–ª–∏ –∂–∏—Ç–µ–ª–∏ –ó—É–≥—Ä—ç—Å–∞. –î–æ–ª–≥–æ–µ –≤—Ä–µ–º—è –æ–Ω –Ω–µ —Ñ—É–Ω–∫—Ü–∏–æ–Ω–∏—Ä—É–µ—Ç, –∏ –ª—é–¥–∏ –≤—ã–Ω—É–∂–¥–µ–Ω—ã –µ—Ö–∞—Ç—å –≤ –æ–±—ä–µ–∑–¥. –¢–∞–∫–∂–µ –Ω–∞–¥–æ –≤–æ—Å—Å—Ç–∞–Ω–æ–≤–∏—Ç—å –ü–µ—Ç—Ä–æ–≤—Å–∫–∏–π –º–æ—Å—Ç ‚Äì –æ–Ω –Ω–∞—Ö–æ–¥–∏—Ç—Å—è –≤ –∞–≤–∞—Ä–∏–π–Ω–æ–º —Å–æ—Å—Ç–æ—è–Ω–∏–∏.

‚ö°Ô∏è –ê–¥–º–∏–Ω–∏—Å—Ç—Ä–∞—Ü–∏–∏ –•–∞—Ä—Ü—ã–∑—Å–∫–∞ –ø–æ—Ä—É—á–∏–ª –¥–æ 12 –∏—é–Ω—è –æ–±—Å–ª–µ–¥–æ–≤–∞—Ç—å –≤–µ–¥—É—â–∏–π –∫ –ó–∞—Ä–µ—á—å—é –º–æ—Å—Ç –∏ –ø—Ä–æ—Ä–∞–±–æ—Ç–∞—Ç—å –µ–≥–æ –≤–æ—Å—Å—Ç–∞–Ω–æ–≤–ª–µ–Ω–∏–µ —Å —Ä–µ–≥–∏–æ–Ω–æ–º-—à–µ—Ñ–æ–º. –ü—Ä–∞–≤–∏—Ç–µ–ª—å—Å—Ç–≤—É –î–ù–† —Å–æ–≤–º–µ—Å—Ç–Ω–æ —Å –ú–∏–Ω—Ç—Ä–∞–Ω—Å–ø–æ—Ä—Ç–∞ –∏ –∞–¥–º–∏–Ω–∏—Å—Ç—Ä–∞—Ü–∏–µ–π –î–æ–Ω–µ—Ü–∫–∞ –ø–æ—Ä—É—á–∏–ª –æ–ø—Ä–µ–¥–µ–ª–∏—Ç—å —Å—Ä–æ–∫–∏ —Ä–µ–º–æ–Ω—Ç–∞ –º–æ—Å—Ç–∞ –≤ –ü–µ—Ç—Ä–æ–≤—Å–∫–æ–º —Ä–∞–π–æ–Ω–µ –≥–æ—Ä–æ–¥–∞.

‚ö´Ô∏è –ü—Ä–æ–¥–æ–ª–∂–∞–µ–º –Ω–∞—à—É –∞–∫—Ü–∏—é –ø–æ –±–ª–∞–≥–æ—É—Å—Ç—Ä–æ–π—Å—Ç–≤—É –∏ –æ–∑–µ–ª–µ–Ω–µ–Ω–∏—é –∫ 80-–ª–µ—Ç–∏—é –ü–æ–±–µ–¥—ã ¬´–ó–µ–ª–µ–Ω—ã–π –î–æ–Ω–±–∞—Å—Å¬ª ‚Äì 26 –∞–ø—Ä–µ–ª—è –ø—Ä–æ–≤–µ–¥–µ–º —Ç—Ä–µ—Ç–∏–π –æ–±—â–µ—Ä–µ—Å–ø—É–±–ª–∏–∫–∞–Ω—Å–∫–∏–π —Å—É–±–±–æ—Ç–Ω–∏–∫. –ü—Ä–∏–≥–ª–∞—à–∞—é –∂–∏—Ç–µ–ª–µ–π –†–µ—Å–ø—É–±–ª–∏–∫–∏ –ø—Ä–∏–Ω—è—Ç—å –≤ –Ω–µ–º —É—á–∞—Å—Ç–∏–µ. –ù–µ–æ–±—Ö–æ–¥–∏–º—ã–º –∏–Ω–≤–µ–Ω—Ç–∞—Ä–µ–º –æ–±–µ—Å–ø–µ—á–∏–º.

‚ö°Ô∏è –ü–æ—Ä—É—á–∏–ª –≥–ª–∞–≤–∞–º –º—É–Ω–∏—Ü–∏–ø–∞–ª–∏—Ç–µ—Ç–æ–≤ –ø—Ä–æ–∏–Ω—Ñ–æ—Ä–º–∏—Ä–æ–≤–∞—Ç—å –∂–∏—Ç–µ–ª–µ–π –æ –ø—Ä–µ–¥—Å—Ç–æ—è—â–µ–º —Å—É–±–±–æ—Ç–Ω–∏–∫–µ –∏ —Å–æ–≤–º–µ—Å—Ç–Ω–æ —Å –ú–∏–Ω–∏—Å—Ç–µ—Ä—Å—Ç–≤–æ–º —Å—Ç—Ä–æ–∏—Ç–µ–ª—å—Å—Ç–≤–∞ –∏ –ñ–ö–• –≤—ã–≤–µ–∑—Ç–∏ –≤–µ—Å—å —Å–æ–±—Ä–∞–Ω–Ω—ã–π –º—É—Å–æ—Ä –¥–æ 29 –∞–ø—Ä–µ–ª—è –≤–∫–ª—é—á–∏—Ç–µ–ª—å–Ω–æ.

‚ö´Ô∏è –ù–∞ –ü—Ä—è–º–æ–π –ª–∏–Ω–∏–∏ –æ—Ç —Ä–æ–¥–∏—Ç–µ–ª–µ–π –±—ã–ª–∞ –ø—Ä–æ—Å—å–±–∞ –æ–≥—Ä–∞–Ω–∏—á–∏—Ç—å –ø—Ä–æ–µ–∑–¥ –∞–≤—Ç–æ–º–æ–±–∏–ª–µ–π –≤–æ–∑–ª–µ —à–∫–æ–ª—ã ‚Ññ135 –≤ –î–æ–Ω–µ—Ü–∫–µ. –û–ø–µ—Ä–∞—Ç–∏–≤–Ω–æ –æ—Ç—Ä–∞–±–æ—Ç–∞–ª–∏, —É—Å—Ç–∞–Ω–æ–≤–∏–ª–∏ –¥–≤–∞ —à–ª–∞–≥–±–∞—É–º–∞. –ü–æ–¥–æ–±–Ω—ã—Ö —Å–∏—Ç—É–∞—Ü–∏–π –≤–ø—Ä–µ–¥—å –±—ã—Ç—å –Ω–µ –¥–æ–ª–∂–Ω–æ. –¢–∞–º, –≥–¥–µ –¥–µ–ª–æ –∫–∞—Å–∞–µ—Ç—Å—è –±–µ–∑–æ–ø–∞—Å–Ω–æ—Å—Ç–∏ –Ω–∞—à–∏—Ö –¥–µ—Ç–µ–π, –Ω–∞–¥–æ —Ä–∞–±–æ—Ç–∞—Ç—å –±—ã—Å—Ç—Ä–æ, –Ω–µ –¥–æ–∂–∏–¥–∞—è—Å—å –æ–±—Ä–∞—â–µ–Ω–∏–π –æ—Ç —Ä–æ–¥–∏—Ç–µ–ª–µ–π.

‚ö°Ô∏è –ú–∏–Ω–∏—Å—Ç—Ä—É –æ–±—Ä–∞–∑–æ–≤–∞–Ω–∏—è –ø–æ—Ä—É—á–∏–ª –¥–æ 5 –º–∞—è –ø—Ä–æ–≤–µ—Ä–∏—Ç—å —É—á–µ–±–Ω—ã–µ –∑–∞–≤–µ–¥–µ–Ω–∏—è –î–ù–† –Ω–∞ –ø—Ä–µ–¥–º–µ—Ç –±–µ–∑–æ–ø–∞—Å–Ω–æ—Å—Ç–∏. –¢–∞–∫–∂–µ –ø–æ—Ä—É—á–∏–ª –ø—Ä–æ–≤–µ—Å—Ç–∏ —É—Ä–æ–∫–∏ –≤ —Ñ–æ—Ä–º–∞—Ç–µ ¬´–†–∞–∑–≥–æ–≤–æ—Ä—ã –æ –≤–∞–∂–Ω–æ–º¬ª, –ø–æ—Å–≤—è—â–µ–Ω–Ω—ã–µ –î–Ω—é –†–µ—Å–ø—É–±–ª–∏–∫–∏.

@PushilinDenis",occupied,"['territory', 'economy', 'politics', 'entertainment']","[0.8121849298477173, 0.0860249251127243, 0.07021058350801468, 0.03157954663038254]",0,1,0,0,0,0,0,2
42,"–ö—ñ–ª—å–∫—ñ—Å—Ç—å –∑–∞–≥–∏–±–ª–∏—Ö —É –°—É–º–∞—Ö –∑—Ä–æ—Å–ª–∞ –¥–æ 34 –æ—Å—ñ–±, –ø–æ—Å—Ç—Ä–∞–∂–¥–∞–ª–∏ —â–æ–Ω–∞–π–º–µ–Ω—à–µ 117 ‚Äî –î–°–ù–°",occupied,"['territory', 'economy', 'politics', 'entertainment']","[0.7273766994476318, 0.12968923151493073, 0.08245932310819626, 0.06047473102807999]",0,2,0,0,0,0,0,0
43,"üåã –í—É–ª–∫–∞–Ω –õ–µ–≤–æ—Ç–æ–±–∏ –≤ –ò–Ω–¥–æ–Ω–µ–∑–∏–∏ —Å–Ω–æ–≤–∞ –∏–∑–≤–µ—Ä–≥–∞–µ—Ç—Å—è

#–∫–∞—Ç–∞–∫–ª–∏–∑–º—ã",occupied,"['territory', 'politics', 'economy', 'entertainment']","[0.8973355889320374, 0.05003051832318306, 0.03448904678225517, 0.018144847825169563]",0,1,0,0,0,0,0,0
44,"–°—Ç–∞—Ä—Ç–æ–≤–∞–ª–æ –≥–æ–ª–æ—Å–æ–≤–∞–Ω–∏–µ –ø–æ –≤—ã–±–æ—Ä—É –æ–±—â–µ—Å—Ç–≤–µ–Ω–Ω—ã—Ö —Ç–µ—Ä—Ä–∏—Ç–æ—Ä–∏–π –¥–ª—è –±–ª–∞–≥–æ—É—Å—Ç—Ä–æ–π—Å—Ç–≤–∞

–ü—Ä–æ–µ–∫—Ç—ã, –∫–æ—Ç–æ—Ä—ã–µ –ø–æ–±–µ–¥—è—Ç –≤ –≥–æ–ª–æ—Å–æ–≤–∞–Ω–∏–∏, –±—É–¥—É—Ç —Ä–µ–∞–ª–∏–∑–æ–≤–∞–Ω—ã –ø–æ —Ñ–µ–¥–µ—Ä–∞–ª—å–Ω–æ–π –ø—Ä–æ–≥—Ä–∞–º–º–µ ¬´–§–æ—Ä–º–∏—Ä–æ–≤–∞–Ω–∏–µ –∫–æ–º—Ñ–æ—Ä—Ç–Ω–æ–π –≥–æ—Ä–æ–¥—Å–∫–æ–π —Å—Ä–µ–¥—ã¬ª –≤ 2026 –≥–æ–¥—É.

–ù–∞ –≥–æ–ª–æ—Å–æ–≤–∞–Ω–∏–µ –≤—ã–Ω–µ—Å–µ–Ω–æ 102 –æ–±—ä–µ–∫—Ç–∞ –≤ 20 –º—É–Ω–∏—Ü–∏–ø–∞–ª–∏—Ç–µ—Ç–∞—Ö –î–ù–†. –≠—Ç–∏ —Ç–µ—Ä—Ä–∏—Ç–æ—Ä–∏–∏ –±—ã–ª–∏ –ø—Ä–µ–¥–ª–æ–∂–µ–Ω—ã –∂–∏—Ç–µ–ª—è–º–∏ –∏ –º–µ—Å—Ç–Ω—ã–º–∏ –∞–¥–º–∏–Ω–∏—Å—Ç—Ä–∞—Ü–∏—è–º–∏.

–û—Ç–¥–∞—Ç—å —Å–≤–æ–π –≥–æ–ª–æ—Å –º–æ–∂–Ω–æ —Å 21 –∞–ø—Ä–µ–ª—è –ø–æ 12 –∏—é–Ω—è –Ω–∞ –ø–æ—Ä—Ç–∞–ª–µ –ì–æ—Å—É—Å–ª—É–≥ –ø–æ —Å—Å—ã–ª–∫–µ.",occupied,"['territory', 'politics', 'economy', 'entertainment']","[0.933068573474884, 0.06143641844391823, 0.004073931369930506, 0.0014210636727511883]",0,0,0,0,0,0,0,0
45,"–î–æ–±—Ä—ã–π –¥–µ–Ω—å, –∑–µ–º–ª—è–∫–∏!

–£ –Ω–∞—Å –≤ —Ä–µ—Å–ø—É–±–ª–∏–∫–µ —Ä–∞–±–æ—Ç–∞–µ—Ç —Ñ–µ–¥–µ—Ä–∞–ª—å–Ω–∞—è —ç–∫—Å–ø–µ—Ä—Ç–Ω–∞—è –≥—Ä—É–ø–ø–∞ –ø–æ –ø–æ–¥–¥–µ—Ä–∂–∫–µ —Å–µ–º—å–∏, –º–Ω–æ–≥–æ–¥–µ—Ç–Ω–æ—Å—Ç–∏ –∏ –ø–æ–≤—ã—à–µ–Ω–∏—é —Ä–æ–∂–¥–∞–µ–º–æ—Å—Ç–∏. –í–æ–∑–≥–ª–∞–≤–ª—è–µ—Ç –µ—ë –¥–∏—Ä–µ–∫—Ç–æ—Ä –î–∏–≤–∏–∑–∏–æ–Ω–∞ —Å–µ–º—å–∏ –∏ –¥–µ–º–æ–≥—Ä–∞—Ñ–∏–∏ –ê–≥–µ–Ω—Ç—Å—Ç–≤–∞ —Å—Ç—Ä–∞—Ç–µ–≥–∏—á–µ—Å–∫–∏—Ö –∏–Ω–∏—Ü–∏–∞—Ç–∏–≤ –ì—Ä–∏–≥–æ—Ä–∏–π –°–∞–π—Ñ—É–ª–ª–∏–Ω - —Å–∞–º –º–Ω–æ–≥–æ–¥–µ—Ç–Ω—ã–π –æ—Ç–µ—Ü, —É—Å–ø–µ—à–Ω–æ —Å–æ–≤–º–µ—â–∞—é—â–∏–π –æ—Ç—Ü–æ–≤—Å—Ç–≤–æ —Å —Å–µ—Ä—å—ë–∑–Ω—ã–º–∏ –≥–æ—Å—É–¥–∞—Ä—Å—Ç–≤–µ–Ω–Ω—ã–º–∏ –∑–∞–¥–∞—á–∞–º–∏. –í —Å–æ—Å—Ç–∞–≤–µ –≥—Ä—É–ø–ø—ã —ç–∫—Å–ø–µ—Ä—Ç–æ–≤: —Ä—É–∫–æ–≤–æ–¥–∏—Ç–µ–ª—å –ø—Ä–µ–¥—Å—Ç–∞–≤–∏—Ç–µ–ª—å—Å—Ç–≤–∞ –ê–°–ò –≤ –î–§–û –û–ª—å–≥–∞ –ö—É—Ä–∏–ª–æ–≤–∞ –∏ —Ä—É–∫–æ–≤–æ–¥–∏—Ç–µ–ª—å —ç–∫—Å–ø–µ—Ä—Ç–Ω–æ-–∞–Ω–∞–ª–∏—Ç–∏—á–µ—Å–∫–æ–≥–æ —É–ø—Ä–∞–≤–ª–µ–Ω–∏—è –ü–∞—Ç—Ä–∏–∞—Ä—à–µ–π –ö–æ–º–∏—Å—Å–∏–∏ –ø–æ –≤–æ–ø—Ä–æ—Å–∞–º —Å–µ–º—å–∏, –∑–∞—â–∏—Ç—ã –º–∞—Ç–µ—Ä–∏–Ω—Å—Ç–≤–∞ –∏ –¥–µ—Ç—Å—Ç–≤–∞ –ò–Ω–Ω–∞ –Ø–º–±—É–ª–∞—Ç–æ–≤–∞.

–ù–µ —Ä–∞–∑ –æ—Ç–º–µ—á–∞–ª, —á—Ç–æ –≤–æ–ø—Ä–æ—Å –¥–µ–º–æ–≥—Ä–∞—Ñ–∏–∏ –∏ –ø–æ–¥–¥–µ—Ä–∂–∫–∏ —Å–µ–º–µ–π —Å –¥–µ—Ç—å–º–∏ - —ç—Ç–æ –æ—Å–Ω–æ–≤–∞ –≤—Å–µ–≥–æ. –ü–æ—ç—Ç–æ–º—É –º—ã –≤–µ–¥—ë–º –ø–æ—Å—Ç–æ—è–Ω–Ω—É—é —Ä–∞–±–æ—Ç—É, —á—Ç–æ–±—ã —Å–æ–∑–¥–∞–≤–∞—Ç—å —É—Å–ª–æ–≤–∏—è –¥–ª—è –¥–µ—Ç–µ–π, –∏—Ö –æ–±—Ä–∞–∑–æ–≤–∞–Ω–∏—è –∏ —Ä–∞–∑–≤–∏—Ç–∏—è, –ø–æ –æ—Å–Ω–∞—â–µ–Ω–∏—é —Å–ª—É–∂–±—ã —Ä–æ–¥–æ–≤—Å–ø–æ–º–æ–∂–µ–Ω–∏—è.

–ú—ã –ø—Ä–∏–≥–ª–∞—Å–∏–ª–∏ —ç–∫—Å–ø–µ—Ä—Ç–æ–≤, –∫–æ—Ç–æ—Ä—ã–µ –æ—Ç—Å–º–æ—Ç—Ä–µ–ª–∏ –Ω–∞—à–∏ —Ä–µ–≥–∏–æ–Ω–∞–ª—å–Ω—ã–µ –ø—Ä–æ–≥—Ä–∞–º–º—ã, –ø–æ–¥–µ–ª–∏–ª–∏—Å—å –∞–Ω–∞–ª–∏—Ç–∏–∫–æ–π. –ü—Ä–æ–µ–∫—Ç–Ω–æ-–∞–Ω–∞–ª–∏—Ç–∏—á–µ—Å–∫–∞—è —Å–µ—Å—Å–∏—è - –ª—É—á—à–∏–π —Ñ–æ—Ä–º–∞—Ç –ø–æ–ª—É—á–µ–Ω–∏—è –æ–±—â–µ–π –∫–∞—Ä—Ç–∏–Ω—ã - –ø–æ–≥—Ä—É–∑–∏–ª–∏ –≤—Å—é –Ω–∞—à—É —Å–æ—Ü–∏–∞–ª—å–Ω—É—é —Å—Ñ–µ—Ä—É –≤ –ø—Ä–æ–±–ª–µ–º–∞—Ç–∏–∫—É –¥–µ–º–æ–≥—Ä–∞—Ñ–∏—á–µ—Å–∫–∏—Ö –ø—Ä–æ—Ü–µ—Å—Å–æ–≤.

–†–∞–±–æ—á–∏–µ –≥—Ä—É–ø–ø—ã –≤–Ω–µ—Å–ª–∏ –ø—Ä–µ–¥–ª–æ–∂–µ–Ω–∏—è, –∫–æ—Ç–æ—Ä—ã–µ –≤—á–µ—Ä–∞ –º—ã –æ–±—Å—É–¥–∏–ª–∏ –≤–º–µ—Å—Ç–µ.
–ú–Ω–æ–≥–æ–µ –≤–æ–∑—å–º–µ–º –Ω–∞ –≤–æ–æ—Ä—É–∂–µ–Ω–∏–µ. –ù–∞–ø—Ä–∏–º–µ—Ä, –∏–Ω—Ç–µ—Ä–µ—Å–Ω—ã–µ –ø—Ä–µ–¥–ª–æ–∂–µ–Ω–∏—è:
¬†
üî£ –ø—Ä–µ–¥–æ—Å—Ç–∞–≤–ª–µ–Ω–∏–µ —Ä–µ—Å–ø—É–±–ª–∏–∫–∞–Ω—Å–∫–æ–≥–æ¬† –º–∞—Ç–µ—Ä–∏–Ω—Å–∫–æ–≥–æ —Å–µ–º–µ–π–Ω–æ–≥–æ –∫–∞–ø–∏—Ç–∞–ª–∞ –Ω–∞ —Ç—Ä–µ—Ç—å–µ–≥–æ –∏ –∫–∞–∂–¥–æ–≥–æ –ø–æ—Å–ª–µ–¥—É—é—â–µ–≥–æ —Ä–µ–±–µ–Ω–∫–∞. –°–Ω—è—Ç–∏–µ –æ–≥—Ä–∞–Ω–∏—á–µ–Ω–∏–π –ø–æ —Ü–µ–ª—è–º –µ–≥–æ –∏—Å–ø–æ–ª—å–∑–æ–≤–∞–Ω–∏—è;

üî£ –ø–∞–∫–µ—Ç –º–µ—Ä –ø–æ–¥–¥–µ—Ä–∂–∫–∏ –º–æ–ª–æ–¥—ã—Ö, –≤ —Ç–æ–º —á–∏—Å–ª–µ —Å—Ç—É–¥–µ–Ω—á–µ—Å–∫–∏—Ö¬† —Å–µ–º–µ–π;

üî£ –ø—Ä–æ–µ–∫—Ç ‚Äú–ó–¥–æ—Ä–æ–≤—ã–µ –ø–∞–ø–∞ –∏ –º–∞–º–∞‚Äù –¥–ª—è –º–Ω–æ–≥–æ–¥–µ—Ç–Ω—ã—Ö —Å–µ–º–µ–π;

üî£ —É—á—Ä–µ–∂–¥–µ–Ω–∏–µ –∑–Ω–∞–∫–æ–≤ –æ—Ç–ª–∏—á–∏—è –¥–ª—è –º–Ω–æ–≥–æ–¥–µ—Ç–Ω—ã—Ö –æ—Ç—Ü–æ–≤ –∏ –º–∞—Ç–µ—Ä–µ–π,¬†

üî£ –±–µ—Å–ø–ª–∞—Ç–Ω–æ–µ –ø–æ—Å–µ—â–µ–Ω–∏–µ –º—É–∑–µ–µ–≤ –¥–ª—è –º–Ω–æ–≥–æ–¥–µ—Ç–Ω—ã—Ö —Ä–æ–¥–∏—Ç–µ–ª–µ–π –∏ –º–Ω–æ–≥–æ–≤–Ω—É–∫–æ–≤—ã—Ö –¥–µ–¥—É—à–µ–∫ –∏ –±–∞–±—É—à–µ–∫

üî£ –º–µ–∂–≤—É–∑–æ–≤—Å–∫–∏–π —Ü–µ–Ω—Ç—Ä –ø–æ–¥–¥–µ—Ä–∂–∫–∏ —Å—Ç—É–¥–µ–Ω—á–µ—Å–∫–∏—Ö —Å–µ–º–µ–π –∏ –¥—Ä—É–≥–∏–µ.

–í—Å–µ –º–µ—Ä—ã –±—É–¥—É—Ç –æ—Ç—Ä–∞–∂–µ–Ω—ã –≤ –ü–ª–∞–Ω–µ —Ä–µ–∞–ª–∏–∑–∞—Ü–∏–∏ –°–æ–≥–ª–∞—à–µ–Ω–∏—è –æ —Å–æ—Ç—Ä—É–¥–Ω–∏—á–µ—Å—Ç–≤–µ –º–µ–∂–¥—É –ü—Ä–∞–≤–∏—Ç–µ–ª—å—Å—Ç–≤–æ–º –ë—É—Ä—è—Ç–∏–∏ –∏ –ê–°–ò –≤ —á–∞—Å—Ç–∏ –ø–æ–¥–¥–µ—Ä–∂–∫–∏ —Å–µ–º—å–∏, —Ä–æ–∂–¥–∞–µ–º–æ—Å—Ç–∏ –∏ –º–Ω–æ–≥–æ–¥–µ—Ç–Ω–æ—Å—Ç–∏.

–ê–°–ò –æ–∫–∞–∑—ã–≤–∞–µ—Ç –º–µ—Ç–æ–¥–∏—á–µ—Å–∫—É—é –ø–æ–¥–¥–µ—Ä–∂–∫—É –ø—Ä–∏ –≤–Ω–µ–¥—Ä–µ–Ω–∏–∏ —Ä–∞–∑—Ä–∞–±–æ—Ç–∞–Ω–Ω—ã—Ö –º–µ—Ä–æ–ø—Ä–∏—è—Ç–∏–π. –†–∞–±–æ—Ç—É –≤–µ–¥–µ–º –¥–∞–≤–Ω–æ, –Ω–æ –º–Ω–µ–Ω–∏–µ —ç–∫—Å–ø–µ—Ä—Ç–æ–≤ –≤—Å–µ–≥–¥–∞ —Ü–µ–Ω–Ω–æ, –∏ –ø–æ–∑–≤–æ–ª—è–µ—Ç –ø–æ-–Ω–æ–≤–æ–º—É –≤–∑–≥–ª—è–Ω—É—Ç—å –Ω–∞ –Ω–µ–µ.

–†–∞–±–æ—Ç–∞–µ–º ‚úä",occupied,"['territory', 'politics', 'economy', 'entertainment']","[0.8309038281440735, 0.062354281544685364, 0.05726312845945358, 0.04947875812649727]",0,1,0,0,0,0,0,0
46,"–ò—â—É –ø–∞–ø—É
–£–¥–æ—Ç –°–µ–º–µ–Ω –î–∞–Ω–∏–ª–æ–≤–∏—á
03.03.1943–≥.—Ä

–ï–ª–µ–Ω–∞, @guseinyg (#ID5825172448)",occupied,"['territory', 'politics', 'economy', 'entertainment']","[0.46234777569770813, 0.2223961353302002, 0.19205135107040405, 0.12320481985807419]",0,0,0,0,0,0,0,0
47,"–í–∑—è–ª–∏—Å—å –∑–∞ –∑–¥–∞–Ω–∏–µ –±—ã–≤—à–µ–≥–æ —Å–∞–Ω–∞—Ç–æ—Ä–∏—è- –ø—Ä–æ—Ñ–∏–ª–∞–∫—Ç–æ—Ä–∏—è –ú–ó–¢–ú ¬´–ó–¥–æ—Ä–æ–≤—å–µ¬ª. –°–µ–π—á–∞—Å —Ä–∞–∑–±–∏—Ä–∞—é—Ç –ø–æ–≤—Ä–µ–∂–¥—ë–Ω–Ω—ã–π –∫–æ–Ω—Å—Ç—Ä—É–∫—Ç–∏–≤
–ò—Å—Ç–æ—á–Ω–∏–∫

–ü–æ–¥–ø–∏—Å–∞—Ç—å—Å—è | –ü—Ä–∏—Å–ª–∞—Ç—å –Ω–æ–≤–æ—Å—Ç—å",occupied,"['territory', 'economy', 'politics', 'entertainment']","[0.6737074851989746, 0.1200961321592331, 0.1062808558344841, 0.09991555660963058]",0,0,0,0,0,0,0,0
48,"Lpr 1 (Telegram)

–û–∂–∏–¥–∞–µ–º –ø—É—Å–∫–∏ –∞–≤–∏–∞—Ü–∏–µ–π –æ—Ç –•–µ—Ä—Å–æ–Ω–∞",occupied,"['territory', 'politics', 'economy', 'entertainment']","[0.7580926418304443, 0.15511825680732727, 0.05312370881438255, 0.03366534784436226]",0,0,0,0,0,0,0,0
49,–ì–æ—Ä–æ–¥—Å–∫–æ–π –∞–≤—Ç–æ–±—É—Å–Ω—ã–π –º–∞—Ä—à—Ä—É—Ç ‚Ññ19 ¬´–ñ–ú–† ¬´–ó–∞–ø–∞–¥–Ω—ã–π¬ª - —É–ª. 130 –¢–∞–≥–∞–Ω—Ä–æ–≥—Å–∫–æ–π –¥–∏–≤–∏–∑–∏–∏¬ª –≤–æ–∑–æ–±–Ω–æ–≤–ª—è–µ—Ç —Å–≤–æ–∏ —Å—Ö–µ–º—ã –¥–≤–∏–∂–µ–Ω–∏—è –≤ –ø—Ä—è–º–æ–º –∏ –æ–±—Ä–∞—Ç–Ω–æ–º –Ω–∞–ø—Ä–∞–≤–ª–µ–Ω–∏–∏ –ø–æ –±-—Ä –®–µ–≤—á–µ–Ω–∫–æ.,occupied,"['territory', 'politics', 'economy', 'entertainment']","[0.8237445950508118, 0.08114169538021088, 0.06253691017627716, 0.03257676586508751]",0,0,0,0,0,0,0,0
50,"–í —Å–≤—è–∑–∏ —Å –¥–æ—Ä–æ–∂–Ω—ã–º–∏ —Ä–∞–±–æ—Ç–∞–º–∏ –ø–æ —É–ª. –°–µ–º–∞—Ñ–æ—Ä–Ω–æ–π –∏ –æ–∫–æ–Ω—á–∞–Ω–∏–µ–º —Ä–∞–±–æ—Ç –ø–æ —É–ª. –°–µ—Ä–∞—Ñ–∏–º–æ–≤–∏—á–∞, —Å–ª–µ–¥—É—é—â–∏–µ –≥–æ—Ä–æ–¥—Å–∫–∏–µ –∞–≤—Ç–æ–±—É—Å–Ω—ã–µ –º–∞—Ä—à—Ä—É—Ç—ã –∏–∑–º–µ–Ω—è—é—Ç —Å—Ö–µ–º—É –¥–≤–∏–∂–µ–Ω–∏—è –≤ –ø—Ä—è–º–æ–º –Ω–∞–ø—Ä–∞–≤–ª–µ–Ω–∏–∏:

‚Ä¢ –ú–∞—Ä—à—Ä—É—Ç ‚Ññ10 ¬´–¢–¶ ¬´–ü–æ—Ä—Ç–°–∏—Ç–∏¬ª ‚Äì –ø–æ—Å. –ú–∏—Ä–Ω—ã–π¬ª ;
(–¥–≤–∏–∂–µ–Ω–∏–µ –ø–æ —É–ª. –ú–∞–º–∏–Ω–∞-–°–∏–±–∏—Ä—è–∫–∞)
‚Ä¢ –ú–∞—Ä—à—Ä—É—Ç ‚Ññ10–ê ¬´–¢–¶ ¬´–ü–æ—Ä—Ç–°–∏—Ç–∏¬ª ‚Äì –ø–æ—Å. –ú–∏—Ä–Ω—ã–π¬ª.
(–¥–≤–∏–∂–µ–Ω–∏–µ –ø–æ —É–ª. –ö–∞–ª–∏–Ω–æ–≤—Å–∫–æ–≥–æ)

–í –ø—Ä—è–º–æ–º –Ω–∞–ø—Ä–∞–≤–ª–µ–Ω–∏–∏: –ø–æ –º–∞—Ä—à—Ä—É—Ç—É - —É–ª. 8 –ú–∞—Ä—Ç–∞ - —É–ª. –°–µ—Ä–∞—Ñ–∏–º–æ–≤–∏—á–∞ - —É–ª. –ö–æ–∑–ª–æ–≤–∞ - —É–ª. –ü–æ–≥—Ä–∞–Ω–∏—á–Ω–∞—è - —É–ª. –°—Ç–∞–Ω—Ü–∏–æ–Ω–Ω–∞—è - —É–ª. –ë–µ–ª—è–∫–æ–≤–∞ - —É–ª. –ö–æ–∑–ª–æ–≤–∞ - –¥–∞–ª–µ–µ –ø–æ –º–∞—Ä—à—Ä—É—Ç—É.
–í –æ–±—Ä–∞—Ç–Ω–æ–º –Ω–∞–ø—Ä–∞–≤–ª–µ–Ω–∏–∏: –±–µ–∑ –∏–∑–º–µ–Ω–µ–Ω–∏–π.",occupied,"['territory', 'politics', 'economy', 'entertainment']","[0.7115762829780579, 0.1298295557498932, 0.10055936872959137, 0.0580347441136837]",0,0,0,0,0,0,0,0
51,"–£ –î–æ–Ω–µ—Ü–∫–æ–π –∂–µ–ª–µ–∑–æ–±–µ—Ç–æ–Ω–Ω–æ–π –∫–æ–º–ø–∞–Ω–∏–∏ –µ—Å—Ç—å –≤—Å–µ –æ—Å–Ω–æ–≤–∞–Ω–∏—è –¥–ª—è —Ä–∞—Å—à–∏—Ä–µ–Ω–∏—è –ø—Ä–æ–∏–∑–≤–æ–¥—Å—Ç–≤–∞. –ü—Ä–æ–¥—É–∫—Ü–∏—è –ø—Ä–µ–¥–ø—Ä–∏—è—Ç–∏—è¬† –≤–æ—Å—Ç—Ä–µ–±–æ–≤–∞–Ω–∞ –≤ –≤–æ—Å—Å—Ç–∞–Ω–æ–≤–ª–µ–Ω–∏–∏ –î–æ–Ω–±–∞—Å—Å–∞.

–ò–∑–¥–µ–ª–∏—è –∑–∞–≤–æ–¥–∞ —Ö–æ—Ä–æ—à–æ –∑–Ω–∞—é—Ç –≤–æ –≤—Å–µ—Ö –º—É–Ω–∏—Ü–∏–ø–∞–ª–∏—Ç–µ—Ç–∞—Ö –†–µ—Å–ø—É–±–ª–∏–∫–∏, –≥–¥–µ –æ–Ω–∏ –∏—Å–ø–æ–ª—å–∑—É–µ—Ç—Å—è –≤ –≤–æ—Å—Å—Ç–∞–Ω–æ–≤–ª–µ–Ω–∏–∏ –∂–∏–ª—å—è –∏ —Å–æ—Ü–∏–∞–ª—å–Ω—ã—Ö –æ–±—ä–µ–∫—Ç–æ–≤, –∞ —Ç–∞–∫–∂–µ –≤ –±–ª–∞–≥–æ—É—Å—Ç—Ä–æ–π—Å—Ç–≤–µ –æ–±—â–µ—Å—Ç–≤–µ–Ω–Ω—ã—Ö —Ç–µ—Ä—Ä–∏—Ç–æ—Ä–∏–π.

–ñ–µ–ª–µ–∑–æ–±–µ—Ç–æ–Ω–Ω—ã–µ –¥–æ—Ä–æ–∂–Ω—ã–µ –ø–ª–∏—Ç—ã, –±–µ—Ç–æ–Ω–Ω—ã–µ –±–ª–æ–∫–∏, –ø–ª–∏—Ç—ã –ø–µ—Ä–µ–∫—Ä—ã—Ç–∏—è ‚Äì —ç—Ç–æ –ª–∏—à—å —á–∞—Å—Ç—å —à–∏—Ä–æ–∫–æ–≥–æ –∞—Å—Å–æ—Ä—Ç–∏–º–µ–Ω—Ç–∞ –≤—ã–ø—É—Å–∫–∞–µ–º–æ–π –∑–¥–µ—Å—å –ø—Ä–æ–¥—É–∫—Ü–∏–∏, –¥–ª—è –ø—Ä–æ–∏–∑–≤–æ–¥—Å—Ç–≤–∞ –∫–æ—Ç–æ—Ä–æ–π –∏—Å–ø–æ–ª—å–∑—É–µ—Ç—Å—è –∫–∞—á–µ—Å—Ç–≤–µ–Ω–Ω—ã–µ –º–µ—Å—Ç–Ω—ã–µ –∏–Ω–µ—Ä—Ç–Ω—ã–µ –º–∞—Ç–µ—Ä–∏–∞–ª—ã. –ü—Ä–µ–¥–ø—Ä–∏—è—Ç–∏–µ –Ω–∞—Ä–∞—â–∏–≤–∞–µ—Ç –ø—Ä–æ–∏–∑–≤–æ–¥—Å—Ç–≤–µ–Ω–Ω—ã–µ –º–æ—â–Ω–æ—Å—Ç–∏, –≤ –ø–ª–∞–Ω–∞—Ö - —Ä–∞—Å—à–∏—Ä–µ–Ω–∏–µ —à—Ç–∞—Ç–∞ –¥–æ —Å—Ç–∞ —Å–æ—Ç—Ä—É–¥–Ω–∏–∫–æ–≤. –û–∫–∞–∂–µ–º –Ω–µ–æ–±—Ö–æ–¥–∏–º—É—é –ø–æ–¥–¥–µ—Ä–∂–∫—É –¥–ª—è —Ä–∞–∑–≤–∏—Ç–∏—è –ø—Ä–µ–¥–ø—Ä–∏—è—Ç–∏—è.

üèó –í —ç—Ç–æ–º –≥–æ–¥—É –≤ –†–µ—Å–ø—É–±–ª–∏–∫–µ –≤–æ—Å—Å—Ç–∞–Ω–æ–≤–∏–º –æ–∫–æ–ª–æ –¥–≤—É—Ö —Ç—ã—Å—è—á –∂–∏–ª—ã—Ö –∏ —Å–æ—Ü–∏–∞–ª—å–Ω—ã—Ö –æ–±—ä–µ–∫—Ç–æ–≤. –í–æ–∑–≤—Ä–∞—â–∞–µ–º—Å—è –∫ –º–∏—Ä–Ω–æ–π –∂–∏–∑–Ω–∏, –≤–æ–∑—Ä–æ–∂–¥–∞–µ–º –î–æ–Ω–±–∞—Å—Å –≤–º–µ—Å—Ç–µ!

@PushilinDenis",occupied,"['territory', 'economy', 'politics', 'entertainment']","[0.9121217727661133, 0.050491489470005035, 0.020047541707754135, 0.01733916625380516]",0,2,1,0,0,0,0,4
52,"–í—ã—Å—Ç–∞–≤–∫–∞ –º–æ–¥–µ–ª–µ–π –≤–æ–µ–Ω–Ω–æ–π —Ç–µ—Ö–Ω–∏–∫–∏ –≤ –ú–∞—Ä–∏—É–ø–æ–ª–µ ü™ñ

–ú–∏–Ω–∏–∞—Ç—é—Ä–Ω—ã–µ —Ç–∞–Ω–∫–∏, –ë–¢–†—ã –∏ —Å–∞–º–æ–ª–µ—Ç—ã —É–≤–∏–¥–µ–ª–∏ —à–∫–æ–ª—å–Ω–∏–∫–∏ –ú–∞—Ä–∏—É–ø–æ–ª—è. –í—ã—Å—Ç–∞–≤–∫—É –º–æ–¥–µ–ª–µ–π –≤–æ–µ–Ω–Ω–æ–π —Ç–µ—Ö–Ω–∏–∫–∏ –æ—Ä–≥–∞–Ω–∏–∑–æ–≤–∞–ª –î–æ–Ω–µ—Ü–∫–∏–π –≤–æ–µ–Ω–Ω–æ-–∏—Å—Ç–æ—Ä–∏—á–µ—Å–∫–∏–π –∫–ª—É–±. –ò–∑ —á–µ–≥–æ –±—ã–ª–∏ —Å–¥–µ–ª–∞–Ω—ã –∫–æ–ø–∏–∏ –∏ –∫—Ç–æ –∏—Ö —Å–æ–±—Ä–∞–ª - —Ä–∞—Å—Å–∫–∞–∑—ã–≤–∞—é –ø–æ–¥—Ä–æ–±–Ω–æ –≤ —Å—é–∂–µ—Ç–µ üëÜüèº

–û–ø–ª–æ—Ç –¢–í | –õ–∏–Ω–∞ –¢–æ–±–æ—Ç

üëÄ –ü–æ–¥–ø–∏—Å–∞—Ç—å—Å—è  | –ü—Ä–æ–≥–æ–ª–æ—Å–æ–≤–∞—Ç—å ‚≠ê
üí¨ –ù–∞–ø–∏—Å–∞—Ç—å –Ω–∞–º | –ë—Ä–æ–Ω—å —Ä–µ–∫–ª–∞–º—ã ‚úçÔ∏è",occupied,"['politics', 'entertainment', 'territory', 'economy']","[0.46761029958724976, 0.26842057704925537, 0.237180694937706, 0.02678845450282097]",0,1,0,0,0,0,0,2
53,"–î–æ—Ä–æ–≥–∏–µ –∑–µ–º–ª—è–∫–∏!

–°–µ—Ä–¥–µ—á–Ω–æ –ø–æ–∑–¥—Ä–∞–≤–ª—è—é –≤–∞—Å —Å –í–µ—Ä–±–Ω—ã–º –≤–æ—Å–∫—Ä–µ—Å–µ–Ω—å–µ–º ‚Äî –Ω–∞—à–∏–º —Å–≤–µ—Ç–ª—ã–º –ø—Ä–∞–∑–¥–Ω–∏–∫–æ–º!

–ü—É—Å—Ç—å –≤ –≤–∞—à–∏—Ö –¥–æ–º–∞—Ö —Ü–∞—Ä—è—Ç —Ç–µ–ø–ª–æ –∏ –ª—é–±–æ–≤—å, –∞ –≤–µ—Ä–±–∞ ‚Äî —Å–∏–º–≤–æ–ª –∂–∏–∑–Ω–∏ –∏ –≤–æ–∑—Ä–æ–∂–¥–µ–Ω–∏—è ‚Äî –ø—Ä–∏–Ω–µ—Å—ë—Ç —Å —Å–æ–±–æ–π —Ç–æ–ª—å–∫–æ –¥–æ–±—Ä—ã–µ –≤–µ—Å—Ç–∏. –ñ–µ–ª–∞—é –∫–∞–∂–¥–æ–º—É –∏–∑ –≤–∞—Å –∫—Ä–µ–ø–∫–æ–≥–æ –∑–¥–æ—Ä–æ–≤—å—è, –¥—É—à–µ–≤–Ω–æ–≥–æ —Å–ø–æ–∫–æ–π—Å—Ç–≤–∏—è –∏ —Ä–∞–¥–æ—Å—Ç–∏.

–ë–µ—Ä–µ–≥–∏—Ç–µ –¥—Ä—É–≥ –¥—Ä—É–≥–∞ –∏ –¥–µ–ª–∏—Ç–µ—Å—å –¥–æ–±—Ä–æ–º ‚Äî –∏–º–µ–Ω–Ω–æ –≤ —ç—Ç–æ–º –Ω–∞—à–∞ —Å–∏–ª–∞.

–° –ø—Ä–∞–∑–¥–Ω–∏–∫–æ–º ü§ó",occupied,"['territory', 'entertainment', 'politics', 'economy']","[0.962753415107727, 0.023168720304965973, 0.007384772412478924, 0.006693062838166952]",0,2,0,0,0,0,0,0
54,"–û–¥–∏–Ω –º–∏—Ä–Ω—ã–π –∂–∏—Ç–µ–ª—å –ø–æ—Å—Ç—Ä–∞–¥–∞–ª —Å–µ–≥–æ–¥–Ω—è –≤ —Ä–µ–∑—É–ª—å—Ç–∞—Ç–µ –∫–∏–µ–≤—Å–∫–æ–π –∞–≥—Ä–µ—Å—Å–∏–∏.

–í –ø–æ—Å–µ–ª–∫–µ –ê–ª–µ–∫—Å–∞–Ω–¥—Ä–æ–≤–∫–∞ –ø—Ä–∏ –¥–µ—Ç–æ–Ω–∞—Ü–∏–∏ –≤–∑—Ä—ã–≤–æ–æ–ø–∞—Å–Ω–æ–≥–æ –ø—Ä–µ–¥–º–µ—Ç–∞ —Ä–∞–Ω–µ–Ω–∏—è —Å—Ä–µ–¥–Ω–µ–π —Å—Ç–µ–ø–µ–Ω–∏ —Ç—è–∂–µ—Å—Ç–∏ –ø–æ–ª—É—á–∏–ª–∞ –∂–µ–Ω—â–∏–Ω–∞ 1963 –≥.—Ä., –µ–π –æ–∫–∞–∑—ã–≤–∞–µ—Ç—Å—è –∫–≤–∞–ª–∏—Ñ–∏—Ü–∏—Ä–æ–≤–∞–Ω–Ω–∞—è –º–µ–¥–∏—Ü–∏–Ω—Å–∫–∞—è –ø–æ–º–æ—â—å.

–î–Ω–µ–º –í–§–£ –∞—Ç–∞–∫–æ–≤–∞–ª–∏ –≤—ã—Å–æ–∫–æ—Ç–æ—á–Ω–æ–π —Ä–∞–∫–µ—Ç–æ–π –∫ –†–°–ó–û HIMARS –ö–∏–µ–≤—Å–∫–∏–π —Ä–∞–π–æ–Ω –î–æ–Ω–µ—Ü–∫–∞. –í—Å–ª–µ–¥—Å—Ç–≤–∏–µ –æ–±—Å—Ç—Ä–µ–ª–∞ –ø–æ–≤—Ä–µ–∂–¥–µ–Ω—ã –¥–≤–∞ –¥–æ–º–æ—Å—Ç—Ä–æ–µ–Ω–∏—è –∏ —Å–µ–º—å –æ–±—ä–µ–∫—Ç–æ–≤ –≥—Ä–∞–∂–¥–∞–Ω—Å–∫–æ–π –∏–Ω—Ñ—Ä–∞—Å—Ç—Ä—É–∫—Ç—É—Ä—ã (—à–∫–æ–ª–∞-–∏–Ω—Ç–µ—Ä–Ω–∞—Ç, —Ç—Ä–∏ –∞–¥–º–∏–Ω–∏—Å—Ç—Ä–∞—Ç–∏–≤–Ω—ã—Ö –∑–¥–∞–Ω–∏—è, –¥–≤–∞ –∏–Ω—Å—Ç–∏—Ç—É—Ç–∞, –∞–≤—Ç–æ—Å–∞–ª–æ–Ω).

–ö—Ä–æ–º–µ —Ç–æ–≥–æ, –ø–æ–≤—Ä–µ–∂–¥–µ–Ω–∏—è –ø–æ–ª—É—á–∏–ª–∏ –¥–≤–∞ –∂–∏–ª—ã—Ö –¥–æ–º–æ—Å—Ç—Ä–æ–µ–Ω–∏—è –∏ –∞–≤—Ç–æ–º–æ–±–∏–ª—å –≤ –¶–µ–Ω—Ç—Ä–∞–ª—å–Ω–æ-–ì–æ—Ä–æ–¥—Å–∫–æ–º —Ä–∞–π–æ–Ω–µ –∏ –æ–±—ä–µ–∫—Ç –≥—Ä–∞–∂–¥–∞–Ω—Å–∫–æ–π –∏–Ω—Ñ—Ä–∞—Å—Ç—Ä—É–∫—Ç—É—Ä—ã –≤ –ù–∏–∫–∏—Ç–æ–≤—Å–∫–æ–º —Ä–∞–π–æ–Ω–µ –ì–æ—Ä–ª–æ–≤–∫–∏ (—à–∫–æ–ª–∞-–∏–Ω—Ç–µ—Ä–Ω–∞—Ç).

–°–æ —Å—Ç–æ—Ä–æ–Ω—ã –í–§–£ —Å–æ–≤–µ—Ä—à–µ–Ω—ã –±–æ–ª–µ–µ 10 –≤–æ–æ—Ä—É–∂–µ–Ω–Ω—ã—Ö –∞—Ç–∞–∫. –ü—Ä–∏–º–µ–Ω—è–ª–∏—Å—å —Ä–µ–∞–∫—Ç–∏–≤–Ω–∞—è –∞—Ä—Ç–∏–ª–ª–µ—Ä–∏—è –∫–∞–ª–∏–±—Ä–æ–º 227 –º–º, —Å—Ç–≤–æ–ª—å–Ω–∞—è –∞—Ä—Ç–∏–ª–ª–µ—Ä–∏—è –∫–∞–ª–∏–±—Ä–æ–º 155 –º–º, –≤ —Ç–æ–º —á–∏—Å–ª–µ –∫–∞—Å—Å–µ—Ç–Ω–æ–≥–æ —Ç–∏–ø–∞, —É–¥–∞—Ä–Ω—ã–π –ë–ü–õ–ê.

@PushilinDenis",occupied,"['territory', 'politics', 'entertainment', 'economy']","[0.5318425893783569, 0.22165566682815552, 0.12465953826904297, 0.12184212356805801]",3,2,3,0,0,1,0,4
55,"‚ùóÔ∏è–£–≤–∞–∂–∞–µ–º—ã–µ –∂–∏—Ç–µ–ª–∏ –∏ –≥–æ—Å—Ç–∏ –≥–æ—Ä–æ–¥–∞ –ú–∞—Ä–∏—É–ø–æ–ª—å‚ùóÔ∏è

–° 15.02.2025 –≥. –∏–∑–º–µ–Ω—è–µ—Ç—Å—è —Ä–∞—Å–ø–∏—Å–∞–Ω–∏–µ –≥–æ—Ä–æ–¥—Å–∫–∏—Ö –∞–≤—Ç–æ–±—É—Å–Ω—ã—Ö –º–∞—Ä—à—Ä—É—Ç–æ–≤:
‚Ä¢ ‚Ññ10 ¬´–¢–¶ ¬´–ü–æ—Ä—Ç–°–∏—Ç–∏¬ª - –ø–æ—Å. –ú–∏—Ä–Ω—ã–π¬ª;
(–¥–≤–∏–∂–µ–Ω–∏–µ –ø–æ —É–ª. –ú–∞–º–∏–Ω–∞-–°–∏–±–∏—Ä—è–∫–∞)
‚Ä¢ ‚Ññ10–ê ¬´–¢–¶ ¬´–ü–æ—Ä—Ç–°–∏—Ç–∏¬ª - –ø–æ—Å. –ú–∏—Ä–Ω—ã–π¬ª.
(–¥–≤–∏–∂–µ–Ω–∏–µ –ø–æ —É–ª. –ö–∞–ª–∏–Ω–æ–≤—Å–∫–æ–≥–æ)",occupied,"['territory', 'politics', 'economy', 'entertainment']","[0.7551945447921753, 0.10178010910749435, 0.08860122412443161, 0.05442415922880173]",0,0,0,0,0,0,0,0
56,"‚ùóÔ∏è–ë–æ–ª–µ–µ 1,5 —Ç—ã—Å—è—á–∏ —Å–µ–º–µ–π –≤ –õ–ù–† —É–∂–µ —Ä–∞—Å–ø–æ—Ä—è–¥–∏–ª–∏—Å—å –º–∞—Ç–µ—Ä–∏–Ω—Å–∫–∏–º –∫–∞–ø–∏—Ç–∞–ª–æ–º

‚úÖ–° –Ω–∞—á–∞–ª–∞ 2025 –≥–æ–¥–∞ –≤ –õ—É–≥–∞–Ω—Å–∫–æ–π –ù–∞—Ä–æ–¥–Ω–æ–π –†–µ—Å–ø—É–±–ª–∏–∫–µ –º–∞—Ç–µ—Ä–∏–Ω—Å–∫–∏–º –∫–∞–ø–∏—Ç–∞–ª–æ–º —Ä–∞—Å–ø–æ—Ä—è–¥–∏–ª–∏—Å—å 1522 —Å–µ–º—å–∏.

–†–æ–¥–∏—Ç–µ–ª–∏ –∏—Å–ø–æ–ª—å–∑–æ–≤–∞–ª–∏ —Å—Ä–µ–¥—Å—Ç–≤–∞ –≥–æ—Å—É–¥–∞—Ä—Å—Ç–≤–µ–Ω–Ω–æ–π –ø–æ–¥–¥–µ—Ä–∂–∫–∏ –Ω–∞:

üîπ–µ–∂–µ–º–µ—Å—è—á–Ω—ã–µ –≤—ã–ø–ª–∞—Ç—ã –Ω–∞ –¥–µ—Ç–µ–π –¥–æ —Ç—Ä–µ—Ö –ª–µ—Ç ‚Äî 1064 —Å–µ–º—å–∏;
üîπ—É–ª—É—á—à–µ–Ω–∏–µ –∂–∏–ª–∏—â–Ω—ã—Ö —É—Å–ª–æ–≤–∏–π ‚Äî 316 —Å–µ–º–µ–π;
üîπ–æ–±—Ä–∞–∑–æ–≤–∞–Ω–∏–µ ‚Äî 128 —Å–µ–º–µ–π;
üîπ—Å—Ä–µ–¥—Å—Ç–≤–∞ –Ω–∞–ø—Ä–∞–≤–∏–ª–∏ –Ω–∞ –±—É–¥—É—â—É—é –ø–µ–Ω—Å–∏—é ‚Äì 12 –º–∞–º.

üí≥–ï—â–µ –¥–≤–µ —Å–µ–º—å–∏, —É –∫–æ—Ç–æ—Ä—ã—Ö –Ω–∞ —Å–µ—Ä—Ç–∏—Ñ–∏–∫–∞—Ç–µ –æ—Å—Ç–∞–ª–æ—Å—å –º–µ–Ω–µ–µ 10 —Ç—ã—Å. —Ä—É–±–ª–µ–π, –ø–æ–ª—É—á–∏–ª–∏ –µ–¥–∏–Ω–æ–≤—Ä–µ–º–µ–Ω–Ω—É—é –≤—ã–ø–ª–∞—Ç—É.

üìù–ü–æ–¥–∞—Ç—å –∑–∞—è–≤–ª–µ–Ω–∏–µ –Ω–∞ —Ä–∞—Å–ø–æ—Ä—è–∂–µ–Ω–∏–µ –º–∞—Ç–∫–∞–ø–∏—Ç–∞–ª–æ–º –º–æ–∂–Ω–æ –æ–¥–Ω–∏–º –∏–∑ —Å–ø–æ—Å–æ–±–æ–≤:

üìå–Ω–∞ –ø–æ—Ä—Ç–∞–ª–µ –≥–æ—Å—É—Å–ª—É–≥;
üìå–≤ –ú–§–¶;
üìå–≤ –∫–ª–∏–µ–Ω—Ç—Å–∫–æ–π —Å–ª—É–∂–±–µ –û—Ç–¥–µ–ª–µ–Ω–∏—è –°–æ—Ü–∏–∞–ª—å–Ω–æ–≥–æ —Ñ–æ–Ω–¥–∞ –†–æ—Å—Å–∏–∏ –ø–æ –õ–ù–†.

–ê–¥—Ä–µ—Å–∞ –∫–ª–∏–µ–Ω—Ç—Å–∫–∏—Ö —Å–ª—É–∂–± –°–æ—Ü–∏–∞–ª—å–Ω–æ–≥–æ —Ñ–æ–Ω–¥–∞ –†–æ—Å—Å–∏–∏ –ø–æ –õ–ù–† –∑–¥–µ—Å—å¬ª

#–°–§–† #–º–∞—Ç–∫–∞–ø—Å—Ñ—Ä",occupied,"['territory', 'economy', 'politics', 'entertainment']","[0.609194278717041, 0.25821739435195923, 0.07353721559047699, 0.05905112251639366]",0,1,1,0,0,0,0,3
57,"McDonald‚Äôs, IKEA, Zara –∏ Bershka —Ä–∞—Å—Å–º–∞—Ç—Ä–∏–≤–∞—é—Ç –ø—É—Ç–∏ –≤–æ–∑–≤—Ä–∞—â–µ–Ω–∏—è –≤ –†–æ—Å—Å–∏—é. –ü–æ –æ—Ü–µ–Ω–∫–∞–º —ç–∫—Å–ø–µ—Ä—Ç–æ–≤, –±—ã—Å—Ç—Ä–µ–µ –≤—Å–µ—Ö –º–æ–∂–µ—Ç –≤–µ—Ä–Ω—É—Ç—å—Å—è McDonald‚Äôs ‚Äî –±–ª–∞–≥–æ–¥–∞—Ä—è —Å–æ–≥–ª–∞—à–µ–Ω–∏—é –æ–± –æ–±—Ä–∞—Ç–Ω–æ–º –≤—ã–∫—É–ø–µ. IKEA —Å—Ç–æ–ª–∫–Ω—ë—Ç—Å—è —Å –Ω–∞–∏–±–æ–ª—å—à–∏–º–∏ —Ç—Ä—É–¥–Ω–æ—Å—Ç—è–º–∏, —Ç–∞–∫ –∫–∞–∫ –µ—ë –ø–ª–æ—â–∞–¥–∏ —É–∂–µ –ø—Ä–æ–¥–∞–Ω—ã, –∏ –ø—Ä–∏–¥—ë—Ç—Å—è –Ω–∞—á–∏–Ω–∞—Ç—å –∑–∞–Ω–æ–≤–æ.",occupied,"['territory', 'economy', 'entertainment', 'politics']","[0.7538727521896362, 0.0991118773818016, 0.07352913916110992, 0.07348618656396866]",0,1,0,0,0,0,0,0
58,"–ù–æ–≤–æ—Å—Ç–∏ ‚ö†Ô∏è –°–µ–≤–µ—Ä–æ–¥–æ–Ω–µ—Ü–∫-–õ–∏—Å–∏—á–∞–Ω—Å–∫-–†—É–±–µ–∂–Ω–æ–µ + –ö—Ä–µ–º–µ–Ω–Ω–∞—è (Telegram)

ü™ñ –ö–∏–µ–≤—Å–∫–∏–µ –±–æ–µ–≤–∏–∫–∏ –Ω–µ–æ–¥–Ω–æ–∫—Ä–∞—Ç–Ω–æ –Ω–∞—Ä—É—à–∏–ª–∏ —Ä–µ–∂–∏–º –ø—Ä–µ–∫—Ä–∞—â–µ–Ω–∏—è –æ–≥–Ω—è –Ω–∞ —Å–≤–∞—Ç–æ–≤—Å–∫–æ-–∫—Ä–µ–º–µ–Ω—Å–∫–æ–º —É—á–∞—Å—Ç–∫–µ –≤ –ø–µ—Ä–∏–æ–¥ –ø–∞—Å—Ö–∞–ª—å–Ω–æ–≥–æ –ø–µ—Ä–µ–º–∏—Ä–∏—è, –ø–æ–¥–ø–æ–ª–∫–æ–≤–Ω–∏–∫ –≤ –æ—Ç—Å—Ç–∞–≤–∫–µ –ê–Ω–¥—Ä–µ–π –ú–∞—Ä–æ—á–∫–æ

¬´–ù–∞ —Å–≤–∞—Ç–æ–≤—Å–∫–æ-–∫—Ä–µ–º–µ–Ω—Å–∫–æ–º —É—á–∞—Å—Ç–∫–µ –ø–∞—Å—Ö–∞–ª—å–Ω–æ–µ –ø–µ—Ä–µ–º–∏—Ä–∏–µ –Ω–æ—Å–∏–ª–æ —Ñ–æ—Ä–º–∞–ª—å–Ω—ã–π —Ö–∞—Ä–∞–∫—Ç–µ—Ä. –ó–∞ –≤—Ä–µ–º—è –ø–∞—Å—Ö–∞–ª—å–Ω–æ–≥–æ –ø–µ—Ä–µ–º–∏—Ä–∏—è –≤ —Ä–∞–π–æ–Ω–∞—Ö –Ω–∞—Å–µ–ª–µ–Ω–Ω—ã—Ö –ø—É–Ω–∫—Ç–æ–≤ –ù–∞–¥–∏—è, –ù–æ–≤–æ–µ–≥–æ—Ä–æ–≤–∫–∞, –ú–∞–∫–µ–µ–≤–∫–∞ (–õ–ù–†¬†‚Äî –ø—Ä–∏–º.), –ù–æ–≤–æ–µ, –ì—Ä–∏–≥–æ—Ä–æ–≤–∫–∞ –∏ –ë–µ–ª–æ–≥–æ—Ä–æ–≤–∫–∞ –∑–∞—Ñ–∏–∫—Å–∏—Ä–æ–≤–∞–Ω—ã –º–Ω–æ–≥–æ—á–∏—Å–ª–µ–Ω–Ω—ã–µ –Ω–∞—Ä—É—à–µ–Ω–∏—è —Ä–µ–∂–∏–º–∞ –ø—Ä–µ–∫—Ä–∞—â–µ–Ω–∏—è –æ–≥–Ω—è —Å–æ —Å—Ç–æ—Ä–æ–Ω—ã –í–§–£¬ª,¬†‚Äî —Ä–∞—Å—Å–∫–∞–∑–∞–ª –ú–∞—Ä–æ—á–∫–æ.

‚ö†Ô∏è –ù–æ–≤–æ—Å—Ç–∏ –¢—Ä–µ—É–≥–æ–ª—å–Ω–∏–∫–∞",occupied,"['territory', 'politics', 'entertainment', 'economy']","[0.9792965054512024, 0.01267582643777132, 0.004057840909808874, 0.003969863522797823]",4,3,3,1,2,2,0,5
59,"‚ùóÔ∏è–í–°–£ –∞—Ç–∞–∫–æ–≤–∞–ª–∏ –ù–æ–≤—É—é –ö–∞—Ö–æ–≤–∫—É ‚Äî –ø–æ–≤—Ä–µ–∂–¥–µ–Ω—ã —Ç—Ä–∏ –∞–≤—Ç–æ–º–æ–±–∏–ª—è

–£–∫—Ä–∞–∏–Ω—Å–∫–∏–µ –±–æ–µ–≤–∏–∫–∏ –≤ –æ—á–µ—Ä–µ–¥–Ω–æ–π —Ä–∞–∑ –ø–æ–∫–∞–∑–∞–ª–∏, –∫–∞–∫ –æ–Ω–∏ —Å–æ–±–ª—é–¥–∞—é—Ç ¬´–ü–∞—Å—Ö–∞–ª—å–Ω—É—é —Ç–∏—à–∏–Ω—É¬ª. –ü–æ–¥ –æ–±—Å—Ç—Ä–µ–ª –ø–æ–ø–∞–ª –∂–∏–ª–æ–π –∫–≤–∞—Ä—Ç–∞–ª –ù–æ–≤–æ–π –ö–∞—Ö–æ–≤–∫–∏.

–í —Ä–µ–∑—É–ª—å—Ç–∞—Ç–µ –ø–æ–≤—Ä–µ–∂–¥–µ–Ω—ã —Ç—Ä–∏ –ª–µ–≥–∫–æ–≤—ã—Ö –∞–≤—Ç–æ–º–æ–±–∏–ª—è. –ö —Å—á–∞—Å—Ç—å—é, –æ–±–æ—à–ª–æ—Å—å –±–µ–∑ –ø–æ—Å—Ç—Ä–∞–¥–∞–≤—à–∏—Ö, —Å–æ–æ–±—â–∏–ª –≥–ª–∞–≤–∞ –æ–∫—Ä—É–≥–∞ –ì—É—Ä–∞.",occupied,"['territory', 'politics', 'entertainment', 'economy']","[0.8438495993614197, 0.12108898907899857, 0.02029774896800518, 0.01476367563009262]",4,3,3,0,0,2,0,5
60,"–¢–∏–≥—Ä —É–±–∏–ª —Å–æ—Ç—Ä—É–¥–Ω–∏–∫–∞ –º–∞—Ä–∏—É–ø–æ–ª—å—Å–∫–æ–≥–æ –∑–æ–æ–ø–∞—Ä–∫–∞

–ú—É–∂—á–∏–Ω–∞ –∑–∞—à—ë–ª –≤ –∫–ª–µ—Ç–∫—É —Å–æ –∑–≤–µ—Ä–µ–º, —á—Ç–æ–±—ã —É–±—Ä–∞—Ç—å—Å—è —Ç–∞–º, –Ω–æ –Ω–µ —É–±–µ–¥–∏–ª—Å—è, —á—Ç–æ –∂–∏–≤–æ—Ç–Ω–æ–µ –∑–∞–ø–µ—Ä—Ç–æ. –¢–∏–≥—Ä –Ω–∞–±—Ä–æ—Å–∏–ª—Å—è –Ω–∞ –Ω–µ–≥–æ –∏ –±—É–∫–≤–∞–ª—å–Ω–æ –æ–±–≥–ª–æ–¥–∞–ª –∂–µ—Ä—Ç–≤–µ –ª–∏—Ü–æ. –†–∞–±–æ—á–∏–π –ø–æ–≥–∏–± —Å—Ä–∞–∑—É. –°–æ—Ç—Ä—É–¥–Ω–∏–∫–∏ –°–ö –†–§ –ø–æ –î–ù–† —Ä–∞–±–æ—Ç–∞—é—Ç –Ω–∞ –º–µ—Å—Ç–µ.

‚õµÔ∏è–ü–æ–¥–ø–∏—Å–∞—Ç—å—Å—è | –ü—Ä–∏—Å–ª–∞—Ç—å –Ω–æ–≤–æ—Å—Ç—å",occupied,"['territory', 'politics', 'entertainment', 'economy']","[0.8483793139457703, 0.07101800292730331, 0.04810291901230812, 0.03249980881810188]",0,3,0,0,0,0,0,0
61,"–î—Ä—É–∑—å—è, –º—ã –ø—Ä–æ–¥–æ–ª–∂–∞–µ–º –ø–æ–º–æ–≥–∞—Ç—å –ø–æ–¥—Ä–∞–∑–¥–µ–ª–µ–Ω–∏—é —Å–ø–µ—Ü–∏–∞–ª—å–Ω–æ–≥–æ –Ω–∞–∑–Ω–∞—á–µ–Ω–∏—è. –ù–∞ –≤–∏–¥–µ–æ –≤—ã –º–æ–∂–µ—Ç–µ —É–≤–∏–¥–µ—Ç—å –∫–∞–¥—Ä—ã, –Ω–∞ –∫–æ—Ç–æ—Ä—ã–π –±–æ–π—Ü—ã –ø–æ—Ä–∞–∂–∞—é—Ç –ø–æ–∑–∏—Ü–∏–∏, —Ç–µ—Ö–Ω–∏–∫—É –∏ –¥—Ä–æ–Ω—ã —É–∫—Ä–∞–∏–Ω—Å–∫–∏—Ö –±–æ–µ–≤–∏–∫–æ–≤.

–ö–æ–Ω–µ—á–Ω–æ, –¥–ª—è —ç—Ñ—Ñ–µ–∫—Ç–∏–≤–Ω–æ–π –±–æ–µ–≤–æ–π —Ä–∞–±–æ—Ç—ã –Ω–µ–æ–±—Ö–æ–¥–∏–º—ã ""—Ä–∞—Å—Ö–æ–¥–Ω—ã–µ –º–∞—Ç–µ—Ä–∏–∞–ª—ã"", —Å–µ–≥–æ–¥–Ω—è —ç—Ç–æ –≤ –ø–µ—Ä–≤—É—é –æ—á–µ—Ä–µ–¥—å –±–µ—Å–ø–∏–ª–æ—Ç–Ω–∏–∫–∏, –Ω–∞ –ø—Ä–∏–æ–±—Ä–µ—Ç–µ–Ω–∏–µ –∫–æ—Ç–æ—Ä—ã—Ö –º—ã –∏ –æ—Ç–∫—Ä—ã–≤–∞–µ–º —Å–±–æ—Ä –≤ —Ä–∞–º–∫–∞—Ö –∞–∫—Ü–∏–∏ ""–í—Å—ë –¥–ª—è –ü–æ–±–µ–¥—ã"" –ù–∞—Ä–æ–¥–Ω–æ–≥–æ –§—Ä–æ–Ω—Ç–∞.

–í—ã –º–æ–∂–µ—Ç–µ –ø–æ–º–æ—á—å –ø–µ—Ä–µ–π–¥—è –ø–æ –ø—Ä—è–º–æ–π —Å—Å—ã–ª–∫–µ –∏–ª–∏ –æ—Ç—Å–∫–∞–Ω–∏—Ä–æ–≤–∞–≤ QR-–∫–æ–¥ –Ω–∞ –≤–∏–¥–µ–æ.",occupied,"['politics', 'economy', 'territory', 'entertainment']","[0.7837302088737488, 0.11675611883401871, 0.07857553660869598, 0.020938195288181305]",3,2,3,0,0,1,0,5
62,–ô—à–æ–≤ –ø º—è—Ç–∏–π –º—ñ—Å—è—Ü—å –∑–∏–º–∏‚Ä¶,occupied,"['territory', 'economy', 'entertainment', 'politics']","[0.4386085569858551, 0.21820591390132904, 0.19546815752983093, 0.14771731197834015]",0,0,0,0,0,0,0,0
63,"‚ùóÔ∏è–£–≤–∞–∂–∞–µ–º—ã–µ –∂–∏—Ç–µ–ª–∏ –∏ –≥–æ—Å—Ç–∏ –≥–æ—Ä–æ–¥–∞ –ú–∞—Ä–∏—É–ø–æ–ª—å‚ùóÔ∏è

–í —Å–≤—è–∑–∏ —Å –∞–≤–∞—Ä–∏–π–Ω—ã–º –æ—Ç–∫–ª—é—á–µ–Ω–∏–µ–º –Ω–∞–ø—Ä—è–∂–µ–Ω–∏—è 19.02.2025 –≥. –¥–≤–∏–∂–µ–Ω–∏–µ —Ç—Ä–∞–º–≤–∞–µ–≤ –≤—Ä–µ–º–µ–Ω–Ω–æ –ø—Ä–∏–æ—Å—Ç–∞–Ω–æ–≤–ª–µ–Ω–æ.

–û –¥–∞–ª—å–Ω–µ–π—à–µ–º –≤–æ—Å—Å—Ç–∞–Ω–æ–≤–ª–µ–Ω–∏–∏ —Ç—Ä–∞–º–≤–∞–π–Ω–æ–≥–æ —Å–æ–æ–±—â–µ–Ω–∏—è –∏–Ω—Ñ–æ—Ä–º–∞—Ü–∏—è –ø–æ—è–≤–∏—Ç—Å—è –Ω–∞ –Ω–∞—à–µ–º Telegram-–∫–∞–Ω–∞–ª–µ.",occupied,"['territory', 'economy', 'politics', 'entertainment']","[0.4306420087814331, 0.21974095702171326, 0.20149897038936615, 0.14811810851097107]",0,1,0,0,0,0,0,0
64,"–ó–¥—Ä–∞–≤—Å—Ç–≤—É–π—Ç–µ, –ø—Ä–æ–ø–∞–ª –°–∫—Ä—ã–ø–∞–ª—å –Æ—Ä–∏–π –ê–Ω–¥—Ä–µ–µ–≤–∏—á, –¥–∞—Ç–∞ —Ä–æ–∂–¥–µ–Ω–∏—è 01.03.1961–≥.
–ó–Ω–∞—é, —á—Ç–æ —Ä–∞–±–æ—Ç–∞–ª –Ω–∞ —Å—Ç—Ä–æ–π–∫–µ –°—Ç–∞–¥–∏–æ–Ω–∞ ¬´–ü–æ—Ä—Ç–æ–≤–∏–∫¬ª. –î–æ –≤–æ–π–Ω—ã –ø—Ä–æ–∂–∏–≤–∞–ª –ø–æ –∞–¥—Ä–µ—Å—É –¢—Ä–æ–∏—Ü–∫–∞—è 44, –ø–æ–¥—ä–µ–∑–¥ 1. –ï—Å–ª–∏ —É –≤–∞—Å –µ—Å—Ç—å —Ö–æ—Ç—å –∫–∞–∫–∞—è-—Ç–æ –∏–Ω—Ñ–æ—Ä–º–∞—Ü–∏—è –ø—Ä–æ –Ω–µ–≥–æ –ø—Ä–æ—à—É –Ω–∞–ø–∏—Å–∞—Ç—å –≤ –∫–æ–º–º–µ–Ω—Ç–∞—Ä–∏—è—Ö –∏–ª–∏ –º–Ω–µ –≤ –ª–∏—á–Ω—ã–µ —Å–æ–æ–±—â–µ–Ω–∏—è @nnsttt

‚ù§Ô∏è‚Äçüî•, @nnsttt (#ID897174677)",occupied,"['territory', 'politics', 'economy', 'entertainment']","[0.8428120613098145, 0.07924330979585648, 0.04196260869503021, 0.03598201647400856]",0,1,0,0,0,0,0,0
65,"–ü—Ä–∏–≥–ª–∞—à–∞—é –∞–∫—Ç–∏–≤–Ω—ã—Ö –∏ –Ω–µ—Ä–∞–≤–Ω–æ–¥—É—à–Ω—ã—Ö –∂–∏—Ç–µ–ª–µ–π –†–µ—Å–ø—É–±–ª–∏–∫–∏ –æ—Ç 18 –¥–æ 35 –ª–µ—Ç –≤ –ú–æ–ª–æ–¥–µ–∂–Ω—ã–π –ø–∞—Ä–ª–∞–º–µ–Ω—Ç –î–ù–†.

–ù–∞—à–∞ –º–æ–ª–æ–¥–µ–∂—å –≤—Å–µ–≥–¥–∞ –∞–∫—Ç–∏–≤–Ω–æ —É—á–∞—Å—Ç–≤—É–µ—Ç –≤ –∂–∏–∑–Ω–∏ —Ä–µ–≥–∏–æ–Ω–∞. –≠—Ç–æ –≤–æ–ª–æ–Ω—Ç–µ—Ä—Å–∫–∏–µ –∞–∫—Ü–∏–∏, –ø–æ–º–æ—â—å –≤–µ—Ç–µ—Ä–∞–Ω–∞–º –∏ —É—á–∞—Å—Ç–Ω–∏–∫–∞–º –±–æ–µ–≤—ã—Ö –¥–µ–π—Å—Ç–≤–∏–π, –∂–∏—Ç–µ–ª—è–º —Å—Ç–∞—Ä—à–µ–≥–æ –ø–æ–∫–æ–ª–µ–Ω–∏—è. –ó–∞—á–∞—Å—Ç—É—é –∞–∫—Ç–∏–≤–∏—Å—Ç—ã –ú–æ–ª–æ–¥–µ–∂–Ω–æ–≥–æ –ø–∞—Ä–ª–∞–º–µ–Ω—Ç–∞ ‚Äî –Ω–∞ –æ—Å—Ç—Ä–∏–µ —ç—Ç–æ–π –¥–µ—è—Ç–µ–ª—å–Ω–æ—Å—Ç–∏.

‚ö°Ô∏è –ï—Å–ª–∏ –≤—ã —Ç–æ–∂–µ –≥–æ—Ç–æ–≤—ã —Å—Ç–∞—Ç—å —á–∞—Å—Ç—å—é –±–æ–ª—å—à–æ–π –∫–æ–º–∞–Ω–¥—ã, –ø–æ–¥–∞–≤–∞–π—Ç–µ –¥–æ 7 –º–∞—è –∑–∞—è–≤–∫—É –Ω–∞ —É—á–∞—Å—Ç–∏–µ –≤ –∫–æ–Ω–∫—É—Ä—Å–µ –≤ –ú–æ–ª–æ–¥–µ–∂–Ω—ã–π –ø–∞—Ä–ª–∞–º–µ–Ω—Ç –î–ù–†.

@PushilinDenis",occupied,"['territory', 'politics', 'economy', 'entertainment']","[0.7584897875785828, 0.22256895899772644, 0.009565815329551697, 0.009375492110848427]",0,2,1,0,0,0,0,4
66,"‚ùóÔ∏è–í–Ω–∏–º–∞–Ω–∏–µ, —Ä–æ–∑—ã—Å–∫

–û—Ç–¥–µ–ª–æ–º –ø–æ–ª–∏—Ü–∏–∏ ‚Ññ 2 (–ø–æ –æ–±—Å–ª—É–∂–∏–≤–∞–Ω–∏—é –ò–ª—å–∏—á–µ–≤—Å–∫–æ–≥–æ —Ä–∞–π–æ–Ω–∞ –ú–∞—Ä–∏—É–ø–æ–ª—è) –£–ú–í–î –†–æ—Å—Å–∏–∏ ¬´–ú–∞—Ä–∏—É–ø–æ–ª—å—Å–∫–æ–µ¬ª –∑–∞ —Å–æ–≤–µ—Ä—à–µ–Ω–∏–µ –ø—Ä–µ—Å—Ç—É–ø–ª–µ–Ω–∏—è, –ø—Ä–µ–¥—É—Å–º–æ—Ç—Ä–µ–Ω–Ω–æ–≥–æ —á. 1 —Å—Ç. 111 –£–ö –†–§ (—É–º—ã—à–ª–µ–Ω–Ω–æ–µ –ø—Ä–∏—á–∏–Ω–µ–Ω–∏–µ —Ç—è–∂–∫–æ–≥–æ –≤—Ä–µ–¥–∞ –∑–¥–æ—Ä–æ–≤—å—é), —Ä–∞–∑—ã—Å–∫–∏–≤–∞–µ—Ç—Å—è –ö–æ–Ω—è–µ–≤ –ò–ª—å—è –ü–∞–≤–ª–æ–≤–∏—á 1983 –≥–æ–¥–∞ —Ä–æ–∂–¥–µ–Ω–∏—è

–ï—Å–ª–∏ –≤—ã –≤–ª–∞–¥–µ–µ—Ç–µ –∏–Ω—Ñ–æ—Ä–º–∞—Ü–∏–µ–π –º–µ—Å—Ç–æ–Ω–∞—Ö–æ–∂–¥–µ–Ω–∏–∏ —Ä–∞–∑—ã—Å–∫–∏–≤–∞–µ–º–æ–≥–æ, –æ–±—Ä–∞—â–∞–π—Ç–µ—Å—å –≤ –æ—Ç–¥–µ–ª –ø–æ–ª–∏—Ü–∏–∏ –ø–æ –æ–±—Å–ª—É–∂–∏–≤–∞–Ω–∏—é –ò–ª—å–∏—á–µ–≤—Å–∫–æ–≥–æ —Ä–∞–π–æ–Ω–∞ –ª–∏–±–æ –ø–æ —Ç–µ–ª–µ—Ñ–æ–Ω–∞–º: +7 (949) 413-94-45 –∏–ª–∏ 102

–ü–æ–¥–ø–∏—Å–∞—Ç—å—Å—è | –ü—Ä–∏—Å–ª–∞—Ç—å –Ω–æ–≤–æ—Å—Ç—å",occupied,"['territory', 'politics', 'economy', 'entertainment']","[0.9115787744522095, 0.03970334678888321, 0.027241410687565804, 0.02147652581334114]",0,1,0,0,0,0,0,0
67,"–û–±—Å—É–∂–¥–∞–µ–º –≤–∞–∂–Ω—ã–µ —Ç–µ–º—ã —Ç–µ–∫—É—â–µ–π –Ω–µ–¥–µ–ª–∏ –≤ ¬´–í–æ—Å–∫—Ä–µ—Å–Ω–æ–º —Ñ–æ—Ä–º–∞—Ç–µ¬ª.

00:08 ‚Äì –ü–æ–∑–¥—Ä–∞–≤–ª–µ–Ω–∏–µ —Å–æ –°–≤–µ—Ç–ª—ã–º –•—Ä–∏—Å—Ç–æ–≤—ã–º –í–æ—Å–∫—Ä–µ—Å–µ–Ω–∏–µ–º.

00:56 ‚Äì –í —Ü–µ–Ω—Ç—Ä–µ –≤–Ω–∏–º–∞–Ω–∏—è ‚Äì —Å–∏—Ç—É–∞—Ü–∏—è –Ω–∞ —Ñ—Ä–æ–Ω—Ç–µ –∏ –æ—Å–≤–æ–±–æ–∂–¥–µ–Ω–∏–µ –Ω–∞—Å–µ–ª–µ–Ω–Ω—ã—Ö –ø—É–Ω–∫—Ç–æ–≤ –î–æ–Ω–µ—Ü–∫–æ–π –ù–∞—Ä–æ–¥–Ω–æ–π –†–µ—Å–ø—É–±–ª–∏–∫–∏ –¥–æ –Ω–∞—á–∞–ª–∞ –ø–∞—Å—Ö–∞–ª—å–Ω–æ–≥–æ –ø–µ—Ä–µ–º–∏—Ä–∏—è.

03:59 ‚Äì –û –≤–∞–∂–Ω—ã—Ö —Ç–µ–º–∞—Ö, –∫–æ—Ç–æ—Ä—ã–µ –ø–æ–¥–Ω–∏–º–∞–ª–∏ –∂–∏—Ç–µ–ª–∏ –†–µ—Å–ø—É–±–ª–∏–∫–∏ –≤ —Ö–æ–¥–µ –ü—Ä—è–º–æ–π –ª–∏–Ω–∏–∏: –≤–æ–¥–æ—Å–Ω–∞–±–∂–µ–Ω–∏–µ, –∑–¥—Ä–∞–≤–æ–æ—Ö—Ä–∞–Ω–µ–Ω–∏–µ, –æ–±—Ä–∞–∑–æ–≤–∞–Ω–∏–µ.

14:44 ‚Äì –û —Ç–µ–º–ø–∞—Ö –¥–æ—Ä–æ–∂–Ω–æ–≥–æ —Å—Ç—Ä–æ–∏—Ç–µ–ª—å—Å—Ç–≤–∞ –≤ —Ü–∏—Ñ—Ä–∞—Ö.

15:56 ‚Äì –û –ø–æ–¥–≥–æ—Ç–æ–≤–∫–µ –∫ —é–±–∏–ª–µ—é –í–µ–ª–∏–∫–æ–π –ü–æ–±–µ–¥—ã –∏ —Ä–∞—Å—à–∏—Ä–µ–Ω–∏–∏ –ø—Ä–æ–µ–∫—Ç–∞ ¬´–ó–µ–ª–µ–Ω—ã–π –î–æ–Ω–±–∞—Å—Å¬ª.

@PushilinDenis",occupied,"['territory', 'politics', 'entertainment', 'economy']","[0.8678134679794312, 0.06934190541505814, 0.043205540627241135, 0.019639121368527412]",0,1,1,0,0,0,0,3
68,"‚ùì–ó–∞ –∫–∞–∫–æ–π –ø–µ—Ä–∏–æ–¥ —É—á—Ç—É—Ç –¥–æ—Ö–æ–¥—ã –ø—Ä–∏ –Ω–∞–∑–Ω–∞—á–µ–Ω–∏–∏ –¥–µ—Ç—Å–∫–∏—Ö –≤—ã–ø–ª–∞—Ç –≤ –õ–ù–†?

‚úîÔ∏è–†–∞—Å—á–µ—Ç–Ω—ã–π –ø–µ—Ä–∏–æ–¥ –ø—Ä–∏ –Ω–∞–∑–Ω–∞—á–µ–Ω–∏–∏ –µ–∂–µ–º–µ—Å—è—á–Ω–æ–π –≤—ã–ø–ª–∞—Ç—ã –∏–∑ –º–∞—Ç–∫–∞–ø–∏—Ç–∞–ª–∞ –Ω–∞ —Ä–µ–±–µ–Ω–∫–∞ –¥–æ 3 –ª–µ—Ç –∏ –µ–¥–∏–Ω–æ–≥–æ –ø–æ—Å–æ–±–∏—è ‚Äî 12 –º–µ—Å—è—Ü–µ–≤, –ø—Ä–µ–¥—à–µ—Å—Ç–≤—É—é—â–∏—Ö –º–µ—Å—è—Ü—É –ø–æ–¥–∞—á–∏ –∑–∞—è–≤–ª–µ–Ω–∏—è.

–í–æ—Å–ø–æ–ª—å–∑—É–π—Ç–µ—Å—å –Ω–∞—à–µ–π —Ç–∞–±–ª–∏—Ü–µ–π! –°–æ—Ö—Ä–∞–Ω—è–π—Ç–µ –∏ –¥–µ–ª–∏—Ç–µ—Å—å —Å –¥—Ä—É–≥–∏–º–∏ —Ä–æ–¥–∏—Ç–µ–ª—è–º–∏!ü§ù

–û—Ç–¥–µ–ª–µ–Ω–∏–µ –°–æ—Ü–∏–∞–ª—å–Ω–æ–≥–æ —Ñ–æ–Ω–¥–∞ –†–æ—Å—Å–∏–∏ –ø–æ –õ–ù–† üëâ–∑–¥–µ—Å—å ‚â´

#–°–§–† #–µ–¥–∏–Ω–æ–µ–ø–æ—Å–æ–±–∏–µ—Å—Ñ—Ä",occupied,"['territory', 'economy', 'politics', 'entertainment']","[0.9021593332290649, 0.0690513402223587, 0.016808493062853813, 0.011980797164142132]",0,1,0,0,0,0,0,2
69,"–ß–µ—Ä–Ω–µ–≥–∞ –ú–∞—Ä–∏—è –°–µ–º—ë–Ω–æ–≤–Ω–∞

18.11.1948

–ü—Ä–æ–ø–∏—Å–∞–Ω–∞ –ø–æ –∞–¥—Ä–µ—Å—É: –≥. –ú–∞—Ä–∏—É–ø–æ–ª—å, –ø—Ä. –°—Ç—Ä–æ–∏—Ç–µ–ª–µ–π, –¥–æ–º 101, –∫–≤. 29.

Svarkamotokraft, @Svarkamotokraft (#ID922394336)",occupied,"['territory', 'politics', 'economy', 'entertainment']","[0.7792253494262695, 0.10981442779302597, 0.06683965772390366, 0.04412056505680084]",0,0,0,0,0,0,0,0
70,"–ë–æ–ª–µ–µ 15 —Ç—ã—Å—è—á —Ä–µ—Å–ø—É–±–ª–∏–∫–∞–Ω—Å–∫–∏—Ö —à–∫–æ–ª—å–Ω–∏–∫–æ–≤ –æ—Ç–ø—Ä–∞–≤—è—Ç—Å—è —ç—Ç–∏–º –ª–µ—Ç–æ–º –Ω–∞ –æ—Ç–¥—ã—Ö –≤ —Ä–µ–≥–∏–æ–Ω—ã –†–æ—Å—Å–∏–∏

–û–± —ç—Ç–æ–º —Å–æ–æ–±—â–∏–ª –ì–ª–∞–≤–∞ –î–ù–† –î–µ–Ω–∏—Å –ü—É—à–∏–ª–∏–Ω –≤ —Ö–æ–¥–µ –ü—Ä—è–º–æ–π –ª–∏–Ω–∏–∏.

–ì–ª–∞–≤–∞ –î–ù–† –ø–æ–¥—á–µ—Ä–∫–Ω—É–ª, —á—Ç–æ —ç—Ç–∏–º –ª–µ—Ç–æ–º —Ä–µ—Å–ø—É–±–ª–∏–∫–∞–Ω—Å–∫–∏–µ —à–∫–æ–ª—å–Ω–∏–∫–∏ —Å–º–æ–≥—É—Ç –æ—Ç–¥–æ—Ö–Ω—É—Ç—å –≤ —à–∫–æ–ª—å–Ω—ã—Ö –ª–∞–≥–µ—Ä—è—Ö, –≤ —Ñ–µ–¥–µ—Ä–∞–ª—å–Ω—ã—Ö –æ–∑–¥–æ—Ä–æ–≤–∏—Ç–µ–ª—å–Ω—ã—Ö —Ü–µ–Ω—Ç—Ä–∞—Ö, –∞ —Ç–∞–∫–∂–µ –≤ —Ä–µ–≥–∏–æ–Ω–∞—Ö –†–æ—Å—Å–∏–∏.

¬´–ë–æ–ª–µ–µ –¥–≤—É—Ö —Å –ø–æ–ª–æ–≤–∏–Ω–æ–π —Ç—ã—Å—è—á –Ω–∞—à–∏—Ö —Ä–µ–±—è—Ç –æ—Ç–ø—Ä–∞–≤—è—Ç—Å—è –≤ –ª—É—á—à–∏–µ —Ä–æ—Å—Å–∏–π—Å–∫–∏–µ –æ–∑–¥–æ—Ä–æ–≤–∏—Ç–µ–ª—å–Ω—ã–µ –ª–∞–≥–µ—Ä—è. –°—Ä–µ–¥–∏ –Ω–∏—Ö ‚Äî –ê—Ä—Ç–µ–∫, –û—Ä–ª–µ–Ω–æ–∫, –ê–ª—ã–µ –ü–∞—Ä—É—Å–∞, –°–Ω–µ–≥–∏—Ä–∏ –∏ –¥—Ä—É–≥–∏–µ¬ª, ‚Äî –ø–æ–¥—á–µ—Ä–∫–Ω—É–ª –î–µ–Ω–∏—Å –ü—É—à–∏–ª–∏–Ω.

–ï—â–µ –±–æ–ª–µ–µ 13 —Ç—ã—Å—è—á —à–∫–æ–ª—å–Ω–∏–∫–æ–≤ –±—É–¥—É—Ç –ø—Ä–∏–≥–ª–∞—à–µ–Ω—ã –Ω–∞ –æ—Ç–¥—ã—Ö –≤ —Ä–µ–≥–∏–æ–Ω—ã-—à–µ—Ñ—ã. –î–ª—è —Ç–æ–≥–æ, —á—Ç–æ–±—ã –ø–æ–ª—É—á–∏—Ç—å –ø—É—Ç–µ–≤–∫—É, —Ä–æ–¥–∏—Ç–µ–ª—è–º –Ω–∞–¥–æ –Ω–∞–ø–∏—Å–∞—Ç—å –∑–∞—è–≤–ª–µ–Ω–∏–µ –ø–æ –º–µ—Å—Ç—É –æ–±—É—á–µ–Ω–∏—è —Ä–µ–±–µ–Ω–∫–∞. –í –ø—Ä–∏–æ—Ä–∏—Ç–µ—Ç–µ ‚Äî –º–Ω–æ–≥–æ–¥–µ—Ç–Ω—ã–µ, –º–∞–ª–æ–æ–±–µ—Å–ø–µ—á–µ–Ω–Ω—ã–µ —Å–µ–º—å–∏, –ø–æ–±–µ–¥–∏—Ç–µ–ª–∏ –æ–ª–∏–º–ø–∏–∞–¥ –∏ —Ç–≤–æ—Ä—á–µ—Å–∫–∏—Ö –∫–æ–Ω–∫—É—Ä—Å–æ–≤, –∞ —Ç–∞–∫–∂–µ –¥–µ—Ç–∏ —É—á–∞—Å—Ç–Ω–∏–∫–æ–≤ –°–í–û.

@PushilinDenis",occupied,"['territory', 'entertainment', 'economy', 'politics']","[0.6184946894645691, 0.288887619972229, 0.049018457531929016, 0.04359923303127289]",0,1,0,0,0,0,0,3
71,"–ü–æ –ø—Ä–æ—Å—å–±–∞–º —Ä–æ–¥–∏—Ç–µ–ª–µ–π –∏ –ø–µ–¥–∞–≥–æ–≥–æ–≤ –æ–≥—Ä–∞–Ω–∏—á–∏–º –ø—Ä–æ–µ–∑–¥ —á–µ—Ä–µ–∑ –¥–≤–æ—Ä —à–∫–æ–ª—ã ‚Ññ135 –≤ –î–æ–Ω–µ—Ü–∫–µ.

–° –∂–∞–ª–æ–±–æ–π –Ω–∞ –ø—Ä–æ–µ–∑–¥ –∞–≤—Ç–æ–º–æ–±–∏–ª–∏—Å—Ç–æ–≤ —á–µ—Ä–µ–∑ —à–∫–æ–ª—å–Ω—ã–π –¥–≤–æ—Ä –∫–æ –º–Ω–µ –Ω–∞ –ü—Ä—è–º—É—é –ª–∏–Ω–∏—é –æ–±—Ä–∞—Ç–∏–ª–∞—Å—å –∏–Ω–∏—Ü–∏–∞—Ç–∏–≤–Ω–∞—è –º–∞–º–∞. –¢–∞–º, –≥–¥–µ –≤–æ–ø—Ä–æ—Å—ã –∫–∞—Å–∞—é—Ç—Å—è –±–µ–∑–æ–ø–∞—Å–Ω–æ—Å—Ç–∏ –Ω–∞—à–∏—Ö –¥–µ—Ç–µ–π, –º–µ–¥–ª–∏—Ç—å –Ω–µ–ª—å–∑—è, –ø–æ—ç—Ç–æ–º—É —Å—Ä–∞–∑—É –≤—ã–µ—Ö–∞–ª –Ω–∞ –º–µ—Å—Ç–æ. –ú–∏–Ω–∏—Å—Ç—Ä—É –æ–±—Ä–∞–∑–æ–≤–∞–Ω–∏—è –î–ù–† –û–ª–µ–≥—É –¢—Ä–æ—Ñ–∏–º–æ–≤—É –ø–æ—Ä—É—á–∏–ª –¥–æ –ø–æ–Ω–µ–¥–µ–ª—å–Ω–∏–∫–∞ —É—Å—Ç–∞–Ω–æ–≤–∏—Ç—å –¥–≤–∞ —à–ª–∞–≥–±–∞—É–º–∞, –∞ —Ç–∞–∫–∂–µ —Ä–µ—à–∏—Ç—å –≤–æ–ø—Ä–æ—Å—ã —Å –≥–æ—Ä—è—á–∏–º –ø–∏—Ç–∞–Ω–∏–µ–º –∏ —Ä–µ–º–æ–Ω—Ç–æ–º —à–∫–æ–ª—ã.

–û—Ç —Ä–æ–¥–∏—Ç–µ–ª–µ–π —á–∞—Å—Ç–æ –ø–æ—Å—Ç—É–ø–∞—é—Ç –ø—Ä–∞–≤–∏–ª—å–Ω—ã–µ –∏–Ω–∏—Ü–∏–∞—Ç–∏–≤—ã ‚Äî –∏—Ö –Ω–µ–æ–±—Ö–æ–¥–∏–º–æ —Å–æ–±—Ä–∞—Ç—å –∏ –≤–æ–ø–ª–æ—Ç–∏—Ç—å –≤ –∂–∏–∑–Ω—å. –ü–æ—ç—Ç–æ–º—É –≤ –º–∞–µ –ø—Ä–æ–≤–µ–¥–µ–º –æ–±—â–µ—Ä–µ—Å–ø—É–±–ª–∏–∫–∞–Ω—Å–∫–æ–µ —Ä–æ–¥–∏—Ç–µ–ª—å—Å–∫–æ–µ —Å–æ–±—Ä–∞–Ω–∏–µ.

@PushilinDenis",occupied,"['territory', 'politics', 'economy', 'entertainment']","[0.8906170725822449, 0.07928682118654251, 0.01874196156859398, 0.01135415118187666]",0,1,0,0,0,0,0,2
72,"‚ù§Ô∏è–£–≤–∞–∂–∞–µ–º—ã–µ –¥—Ä—É–∑—å—è! –°–µ–≥–æ–¥–Ω—è —Ö–æ—Ç–∏–º –ø–æ–∑–Ω–∞–∫–æ–º–∏—Ç—å –í–∞—Å —Å —Ç–µ–ª–µ–≥—Ä–∞–º–º –∫–∞–Ω–∞–ª–æ–º –í–µ—Å—å –ö—Ä—ã–º, –≤ –Ω–µ–º —Ä–µ–¥–∞–∫—Ü–∏—è –ø–æ–∫–∞–∑—ã–≤–∞–µ—Ç –∏ —Ä–∞—Å—Å–∫–∞–∑—ã–≤–∞–µ—Ç –æ —Å–∞–º—ã—Ö –ø–æ–ø—É–ª—è—Ä–Ω—ã—Ö –∫—É—Ä–æ—Ä—Ç–∞—Ö –ö—Ä—ã–º–∞.

–í—ã –ø–æ–±—ã–≤–∞–µ—Ç–µ –∏ —É–∑–Ω–∞–µ—Ç–µ –∏—Å—Ç–æ—Ä–∏—é –¥–æ—Å—Ç–æ–ø—Ä–∏–º–µ—á–∞—Ç–µ–ª—å–Ω–æ—Å—Ç–µ–π, —É–≤–∏–¥–∏—Ç–µ —É–Ω–∏–∫–∞–ª—å–Ω—ã–µ –ª–æ–∫–∞—Ü–∏–∏ –ö—Ä—ã–º–∞, –ø–æ—Å–µ—Ç–∏—Ç–µ –º—É–∑–µ–∏, —É–∑–Ω–∞–µ—Ç–µ –æ–± –∞–∫—Ü–∏—è –≤ –æ—Ç–µ–ª—è—Ö.

–ü–æ–¥–ø–∏—Å—ã–≤–∞–π—Ç–µ—Å—å –∏ –ø–ª–∞–Ω–∏—Ä—É–π—Ç–µ —Å–≤–æ–π –æ—Ç–¥—ã—Ö –∑–∞—Ä–∞–Ω–µ–µ

üëâ–ü–æ–¥–ø–∏—Å–∞—Ç—å—Å—è –Ω–∞ –í–ï–°–¨ –ö–†–´–ú",occupied,"['territory', 'entertainment', 'economy', 'politics']","[0.9101887941360474, 0.08581769466400146, 0.002861751476302743, 0.0011318100150674582]",0,1,0,0,0,0,0,2
73,"–¶–µ —â–æ —Ç–∞–∫–µ? üò±

–°—å–æ–≥–æ–¥–Ω—ñ –£—Ä—è–¥ –ø—Ä–∏–π–Ω—è–≤ –ü–æ—Å—Ç–∞–Ω–æ–≤—É ¬´–ü—Ä–æ —Ñ—É–Ω–∫—Ü—ñ–æ–Ω—É–≤–∞–Ω–Ω—è –¶–µ–Ω—Ç—Ä—ñ–≤ –ø—ñ–¥–≥–æ—Ç–æ–≤–∫–∏ –≥—Ä–æ–º–∞–¥—è–Ω –¥–æ –Ω–∞—Ü—ñ–æ–Ω–∞–ª—å–Ω–æ–≥–æ —Å–ø—Ä–æ—Ç–∏–≤—É¬ª.",occupied,"['politics', 'territory', 'entertainment', 'economy']","[0.6389428377151489, 0.26070621609687805, 0.057179346680641174, 0.043171629309654236]",1,2,1,0,0,1,3,0
74,"üë®‚Äçüöí –ó–∞ –º–∏–Ω—É–≤—à–∏–µ —Å—É—Ç–∫–∏ –≤ –•–µ—Ä—Å–æ–Ω—Å–∫–æ–π –æ–±–ª–∞—Å—Ç–∏ –ø—Ä–æ–∏–∑–æ—à–ª–æ –¥–≤–∞ –ø–æ–∂–∞—Ä–∞

–í –≥–æ—Ä–æ–¥–µ –ì–µ–Ω–∏—á–µ—Å–∫ –ø–æ–∂–∞—Ä —Ä–∞–∑–≥–æ—Ä–µ–ª—Å—è –≤ —Ç–æ—Ä–≥–æ–≤—ã—Ö –ø–∞–≤–∏–ª—å–æ–Ω–∞—Ö –Ω–∞ —Ç–µ—Ä—Ä–∏—Ç–æ—Ä–∏–∏ —Ü–µ–Ω—Ç—Ä–∞–ª—å–Ω–æ–≥–æ —Ä—ã–Ω–∫–∞. –û–¥–Ω–æ–≥–æ —á–µ–ª–æ–≤–µ–∫–∞ –≥–æ—Å–ø–∏—Ç–∞–ª–∏–∑–∏—Ä–æ–≤–∞–ª–∏ —Å –æ—Ç—Ä–∞–≤–ª–µ–Ω–∏–µ–º —É–≥–∞—Ä–Ω—ã–º –≥–∞–∑–æ–º. –û–≥–æ–Ω—å —Ä–∞–∑–≥–æ—Ä–µ–ª—Å—è –Ω–∞ 1000 –∫–≤–∞–¥—Ä–∞—Ç–Ω—ã—Ö –º–µ—Ç—Ä–æ–≤.

–í —Å–µ–ª–µ –ü—Ä–∏–º–æ—Ä—Å–∫–æ–µ –°–∫–∞–¥–æ–≤—Å–∫–æ–≥–æ –æ–∫—Ä—É–≥–∞ –∑–∞–≥–æ—Ä–µ–ª—Å—è –∫–∞–º—ã—à –Ω–∞ –ø–ª–æ—â–∞–¥–∏ 400 –∫–≤–∞–¥—Ä–∞—Ç–Ω—ã—Ö –º–µ—Ç—Ä–æ–≤. –ü–æ–≥–∏–±—à–∏—Ö –∏ –ø–æ—Å—Ç—Ä–∞–¥–∞–≤—à–∏—Ö –Ω–µ—Ç. –í–æ–∑–≥–æ—Ä–∞–Ω–∏—è –ª–∏–∫–≤–∏–¥–∏—Ä–æ–≤–∞–ª–∏ —Å–æ—Ç—Ä—É–¥–Ω–∏–∫–∏ —Ä–µ–≥–∏–æ–Ω–∞–ª—å–Ω–æ–π –ú–ß–°.",occupied,"['territory', 'entertainment', 'politics', 'economy']","[0.7327956557273865, 0.09430702030658722, 0.09297666698694229, 0.0799207016825676]",0,1,0,0,0,0,0,0
75,"–ò–∑ –§—Ä–∞–Ω—Ü–∏–∏ –Ω–∞ –±–æ–π–Ω—é: –∏—Å—Ç–æ—Ä–∏—è ""–º—è—Å–Ω–æ–π"" 155-–π –±—Ä–∏–≥–∞–¥—ã –í–°–£ –æ—Ç  [–û–°–¢–û–†–û–ñ–ù–û, –õ–ï–ö–°–ò–ö–ê 18+]

‚ñ™Ô∏è–≠—Ç–∏ —É–ø—ã—Ä–∏ –ø—Ä–æ—à–ª–∏ –æ–±—É—á–µ–Ω–∏–µ –≤–æ –§—Ä–∞–Ω—Ü–∏–∏, –ø–æ—Å–ª–µ —á–µ–≥–æ –∏—Ö –æ—Ç–ø—Ä–∞–≤–∏–ª–∏ –Ω–∞ –ø–µ—Ä–µ–¥–æ–≤—É—é. –ü–æ–¥ –ö—Ä–∞—Å–Ω–æ–∞—Ä–º–µ–π—Å–∫–æ–º –≤ #–î–ù–† —Å–æ–µ–¥–∏–Ω–µ–Ω–∏–µ –ø–æ–Ω–µ—Å–ª–æ –∫–æ–ª–æ—Å—Å–∞–ª—å–Ω—ã–µ –ø–æ—Ç–µ—Ä–∏.

‚ñ™Ô∏è""–£ –Ω–∞—Å —Å—Ç–æ–ª—å–∫–æ –ø–∞—Ü–∞–Ω–æ–≤ –ø–æ–ª–µ–≥–ª–æ, —á—Ç–æ —Ç—É—Ç –Ω–µ—á–µ–≥–æ —à—É—Ç–∏—Ç—å, –ø–ª–∞–∫–∞—Ç—å –Ω–∞–¥–æ"", ‚Äî –∂–∞–ª—É–µ—Ç—Å—è –æ–¥–∏–Ω –∏–∑ –±–æ–µ–≤–∏–∫–æ–≤ –≤ –ª–∏—á–Ω–æ–π –ø–µ—Ä–µ–ø–∏—Å–∫–µ.

–ü–æ–∑–¥–Ω–æ —É—Ü–µ–ª–µ–≤—à–∏–º –ø–ª–∞–∫–∞—Ç—å, –ø–æ—Ä–∞ –∏–º ""–í–æ–ª–≥—É"" –≤—ã–∑—ã–≤–∞—Ç—å!",occupied,"['territory', 'politics', 'entertainment', 'economy']","[0.8567919135093689, 0.07735403627157211, 0.053539521992206573, 0.012314540334045887]",5,4,3,0,1,3,0,5
76,"–ü–∞—Å—Ö–∞–ª—å–Ω–æ–µ –ø–µ—Ä–µ–º–∏—Ä–∏–µ: –†–æ—Å—Å–∏—è —Å–æ–±–ª—é–¥–∞–µ—Ç —Ä–µ–∂–∏–º —Ç–∏—à–∏–Ω—ã, –£–∫—Ä–∞–∏–Ω–∞ –æ–±—Å—Ç—Ä–µ–ª–∏–≤–∞–µ—Ç –î–æ–Ω–µ—Ü–∫ –≤ –ø—Ä–∞–∑–¥–Ω–∏—á–Ω–æ–µ —É—Ç—Ä–æ

–í –Ω–æ—á—å –Ω–∞ –ü–∞—Å—Ö—É –í–° –†–§ —Å–æ–±–ª—é–¥–∞–ª–∏ –ø—Ä–µ–¥–ª–æ–∂–µ–Ω–Ω–æ–µ –í–ª–∞–¥–∏–º–∏—Ä–æ–º –ü—É—Ç–∏–Ω—ã–º –ø–µ—Ä–µ–º–∏—Ä–∏–µ. –≠—Ç–æ –ø–æ–¥—Ç–≤–µ—Ä–∂–¥–∞—é—Ç —É–∫—Ä–∞–∏–Ω—Å–∫–∏–µ —Ç–µ–ª–µ–≥—Ä–∞–º-–∫–∞–Ω–∞–ª—ã. –°–µ–≥–æ–¥–Ω—è –Ω–æ—á—å—é –Ω–∞ –£–∫—Ä–∞–∏–Ω–µ –Ω–µ –∑–≤—É—á–∞–ª–∞ –≤–æ–∑–¥—É—à–Ω–∞—è —Ç—Ä–µ–≤–æ–≥–∞. –ú–æ–Ω–∏—Ç–æ—Ä–∏–Ω–≥–æ–≤—ã–µ –∫–∞–Ω–∞–ª—ã –Ω–µ –∑–∞—Ñ–∏–∫—Å–∏—Ä–æ–≤–∞–ª–∏ –Ω–∏ –æ–¥–Ω–æ–≥–æ —É–¥–∞—Ä–∞. –ö—Ä–æ–º–µ —Ç–æ–≥–æ, –í–°–£ –Ω–µ —Å–æ–æ–±—â–∞–ª–∏ –∫–æ–º–∞–Ω–¥–æ–≤–∞–Ω–∏—é –æ –Ω–∞—Ä—É—à–µ–Ω–∏–∏ —Ä–µ–∂–∏–º–∞ —Ç–∏—à–∏–Ω—ã –†–æ—Å—Å–∏–µ–π. –û–¥–Ω–∞–∫–æ, –ó–µ–ª–µ–Ω—Å–∫–∏–π –≤—Å–µ —Ä–∞–≤–Ω–æ –æ–±–≤–∏–Ω–∏–ª –†–§ –≤ ¬´–ø—Ä–∏–∑—Ä–∞—á–Ω—ã—Ö –æ–±—Å—Ç—Ä–µ–ª–∞—Ö¬ª. –£–∫—Ä–∞–∏–Ω—Å–∫–∏–π –ø—Ä–µ–∑–∏–¥–µ–Ω—Ç –∑–∞—è–≤–∏–ª –æ 59 —Ä–æ—Å—Å–∏–π—Å–∫–∏—Ö –æ–±—Å—Ç—Ä–µ–ª–∞—Ö, 290 –±–µ—Å–ø–∏–ª–æ—Ç–Ω–∏–∫–∞—Ö, –∫–æ—Ç–æ—Ä—ã–µ –Ω–µ –±—ã–ª–∏ –æ–±–Ω–∞—Ä—É–∂–µ–Ω—ã –º–æ–Ω–∏—Ç–æ—Ä–∏–Ω–≥–æ–≤—ã–º–∏ —Ä–µ—Å—É—Ä—Å–∞–º–∏, –Ω–æ –æ –Ω–∏—Ö –¥–æ–ª–æ–∂–∏–ª –°—ã—Ä—Å–∫–∏–π.

–°–µ–≥–æ–¥–Ω—è—à–Ω–µ–µ —É—Ç—Ä–æ –ø–æ–∫–∞–∑–∞–ª–æ, –∫—Ç–æ –∏–º–µ–Ω–Ω–æ –Ω–µ —Å–æ–±–ª—é–¥–∞–µ—Ç –ø–∞—Å—Ö–∞–ª—å–Ω–æ–µ –ø–µ—Ä–µ–º–∏—Ä–∏–µ. –î—Ä–æ–Ω—ã –í–°–£ –∞—Ç–∞–∫–æ–≤–∞–ª–∏ –î–æ–Ω–µ—Ü–∫. –ú–µ—Å—Ç–Ω—ã–µ –∂–∏—Ç–µ–ª–∏ —Å–æ–æ–±—â–∞—é—Ç –æ–± —É–¥–∞—Ä–∞—Ö, –∫–∞–∫ –º–∏–Ω–∏–º—É–º, –≤ –¥–≤—É—Ö —Ä–∞–π–æ–Ω–∞—Ö –≥–æ—Ä–æ–¥–∞. –û—Ñ–∏—Ü–∏–∞–ª—å–Ω–æ–π –∏–Ω—Ñ–æ—Ä–º–∞—Ü–∏–∏ –æ –ø–æ—Å—Ç—Ä–∞–¥–∞–≤—à–∏—Ö –∏ —Ä–∞–∑—Ä—É—à–µ–Ω–∏—è—Ö –ø–æ–∫–∞ –Ω–µ—Ç. –ö—Ä–æ–º–µ —Ç–æ–≥–æ, –Ω–æ—á—å—é –ø—Ä–æ—Ç–∏–≤–Ω–∏–∫ –Ω–∞—Ä—É—à–∏–ª –ø–∞—Å—Ö–∞–ª—å–Ω–æ–µ –ø–µ—Ä–µ–º–∏—Ä–∏–µ –≤ –õ–ù–†, –æ–±—Å—Ç—Ä–µ–ª—è–≤ –ö—Ä–µ–º–µ–Ω–Ω—É—é, —Å–æ–æ–±—â–∏–ª –ú–∏—Ä–æ—à–Ω–∏–∫.",occupied,"['territory', 'politics', 'economy', 'entertainment']","[0.5715927481651306, 0.2195318341255188, 0.10445994138717651, 0.1044154241681099]",4,3,4,0,2,2,0,5