Title,Username,Category,Comments
–ë–µ—Ä–∏—Å–ª–∞–≤ –ù–æ–≤–æ—Å—Ç–∏,beryslavru,De-occupied,
"–ó—Ä–∞–¥–Ω–∏–∫–∏ –ù–ö,–ö–∞—Ö–æ–≤–∫–∞,–ë–µ—Ä–∏—Å–ª–∞–≤",koloborantnk,De-occupied,
–ó—Ä–∞–¥–Ω–∏–∫–∏ –•–µ—Ä—Å–æ–Ω—â–∏–Ω–∏/–ù–æ–≤–∞—è –ö–∞—Ö–æ–≤–∫–∞/ –ë–µ—Ä–∏—Å–ª–∞–≤/–ü—ñ–≤–¥–µ–Ω—å –ù–æ–≤–∏–Ω–∏,zradnykkh,De-occupied,
"–•–µ—Ä—Å–æ–Ω News - –ù–æ–≤–∞—è –ö–∞—Ö–æ–≤–∫–∞, –ß–µ—Ä–Ω–æ–±–∞–µ–≤–∫–∞, –ì–µ–Ω–∏—á–µ—Å–∫, –ì–æ–ª–∞—è –ü—Ä–∏—Å—Ç–∞–Ω—å, –ë–µ—Ä–∏—Å–ª–∞–≤, –ö–∏—Å–µ–ª–µ–≤–∫–∞, –ê–ª–µ—à–∫–∏, –û–ª–µ—à–∫–∏, –°–Ω–∏–≥–∏—Ä–µ–≤–∫–∞",ksnovo,De-occupied,
–ó—Ä–∞–¥–Ω–∏–∫–∏ –ë–µ—Ä–∏—Å–ª–∞–≤—â–∏–Ω–∏,Zradnyky_Beryslav,De-occupied,
–ê–¥–º–∏–Ω–∏—Å—Ç—Ä–∞—Ü–∏—è –ë–µ—Ä–∏—Å–ª–∞–≤—Å–∫–æ–≥–æ,berislavinfo,De-occupied,
üá∫üá¶–í–æ–ª–æ–¥–∏–º–∏—Ä –õ—ñ—Ç–≤—ñ–Ω–æ–≤ üá∫üá¶ –ë–µ—Ä–∏—Å–ª–∞–≤—Å—å–∫–∞,beryslavrda,De-occupied,
"–õ–µ–≥–µ–Ω–¥–∏ —ñ –Ω–æ–≤–∏–Ω–∏ –ß–µ—Ä–Ω—ñ–≥–æ–≤–∞
chern_news",chern_news,Frontline,Chernihiv
"–ü–æ–≤–µ—Å—Ç–∫–∏ –ß–µ—Ä–Ω–∏–≥–æ–≤ / –ü–æ–≤—ñ—Å—Ç–∫–∏ –ß–µ—Ä–Ω—ñ–≥—ñ–≤
povistky_chernihiv",povistky_chernihiv,Frontline,Chernihiv
"–ß–µ—Ä–Ω—ñ–≥—ñ–≤.City
chernihivcity",chernihivcity,Frontline,Chernihiv
"–ß–µ—Ä–Ω—ñ–≥—ñ–≤ –ì–æ–ª–æ–≤–Ω–µ ‚ö†Ô∏èüö®
chernihiv_golovne",Chernihiv_Golovne,Frontline,Chernihiv
"–ß–µ—Ä–Ω—ñ–≥—ñ–≤ –¢–∞–π–º: –ù–æ–≤–∏–Ω–∏üá∫üá¶ –£–∫—Ä–∞—ó–Ω–∞
chernihivtime",ChernihivTime,Frontline,Chernihiv
"–°—É—Å–ø—ñ–ª—å–Ω–µ –ß–µ—Ä–Ω—ñ–≥—ñ–≤
suspilnechernihiv",suspilnechernihiv,Frontline,Chernihiv
"–•—É–π–æ–≤–∏–π –ß–µ—Ä–Ω—ñ–≥—ñ–≤ | –ß–µ—Ä–Ω–∏–≥–æ–≤
h_chernihiv",h_chernihiv,Frontline,Chernihiv
"–Ø –°–≤—ñ–¥–æ–∫. –ß–µ—Ä–Ω—ñ–≥—ñ–≤
svidokchernigiv",SvidokChernigiv,Frontline,Chernihiv
"‚úô –ß–µ—Ä–Ω—ñ–≥—ñ–≤ –û–ø–µ—Ä–∞—Ç–∏–≤–Ω–∏–π | Chernihiv Operativeüá∫üá¶
chernigivoperative",ChernigivOperative,Frontline,Chernihiv
"CheGo - –ß–µ—Ä–Ω—ñ–≥—ñ–≤ –≤ —Ç–µ–ª–µ–≥—Ä–∞–º—ñ
chego_cn",chego_cn,Frontline,Chernihiv
"Mister.Am –ß–µ—Ä–Ω—ñ–≥—ñ–≤ - –ó–Ω–∏–∂–∫–∏ —Ç–∞ –∞–∫—Ü—ñ—ó!
mister_am_cn",mister_am_cn,Frontline,Chernihiv
"–•–ê–ë. –ß–ï–†–ù–Ü–ì–Ü–í –¢–ê –û–ë–õ–ê–°–¢–¨ ""–ù–ï–ó–õ–ê–ú–ù–Ü–°–¢–¨""
chernihivnewshub",chernihivnewshub,Frontline,Chernihiv
"–¢–∏–ø–æ–≤–∏–π –ß–µ—Ä–Ω—ñ–≥—ñ–≤ | –ù–æ–≤–∏–Ω–∏ | –í—ñ–π–Ω–∞ 2022
typical_chernigiv",typical_chernigiv,Frontline,Chernihiv
"–ü–û–®–£–ö –†–Ü–î–ù–ò–• –º.–ß–µ—Ä–Ω—ñ–≥—ñ–≤.‚ùóüíôüíõüá∫üá¶
chernihiv_viyna",chernihiv_viyna,Frontline,Chernihiv
"–î–æ–ø–æ–º–æ–≥–∞ –ß–µ—Ä–Ω—ñ–≥—ñ–≤ üôè –ü–æ–º–æ—â—å –ß–µ—Ä–Ω–∏–≥–æ–≤ | –í–æ–ª–æ–Ω—Ç–µ—Ä—ã
helpmechernigiv",HelpMeChernigiv,Frontline,Chernihiv
"–• –ß–ï–†–ù–Ü–ì–Ü–í üçâ X CHERNIHIV üçâ –ù–û–í–ò–ù–ò
xchernihiv",xchernihiv,Frontline,Chernihiv
"üá∫üá¶ –í'—è—á–µ—Å–ª–∞–≤ –ß–∞—É—Å/ –ß–µ—Ä–Ω—ñ–≥—ñ–≤—Å—å–∫–∞ –û–î–ê (–û–í–ê)
chernigivskaoda",chernigivskaODA,Frontline,Chernihiv
"–ß–µ—Ä–Ω—ñ–≥—ñ–≤—Å—å–∫–∏–π —Ñ–æ–Ω—Ç–∞–Ω‚õ≤
site0462",site0462,Frontline,Chernihiv
"–ß–µ—Ä–Ω—ñ–≥—ñ–≤—Å—å–∫–∏–π –ö–∏—Å—ñ–ª—å
chernihivkiss",chernihivkiss,Frontline,Chernihiv
"–ß–∞—Å –ß–µ—Ä–Ω—ñ–≥—ñ–≤—Å—å–∫–∏–π | –í—ñ–π–Ω–∞
cntime_cn",cntime_cn,Frontline,Chernihiv
"–í–ª–∞–¥–∏—Å–ª–∞–≤ –ê—Ç—Ä–æ—à–µ–Ω–∫–æ | –ß–µ—Ä–Ω—ñ–≥—ñ–≤—Å—å–∫–∏–π –º—ñ—Å—å–∫–∏–π –≥–æ–ª–æ–≤–∞
atroshenkovladislav",atroshenkovladislav,Frontline,Chernihiv
"–ß–µ—Ä–Ω–∏–≥–æ–≤ | –ß–µ—Ä–Ω–∏–≥–æ–≤—Å–∫–∞—è –æ–±–ª–∞—Å—Ç—å | –í–æ–π–Ω–∞
chernihiv_online",chernihiv_online,Frontline,Chernihiv
"‚ùóÔ∏è–ù–æ–≤–∏–Ω–∏ –ß–µ—Ä–Ω—ñ–≥–æ–≤–∞ —Ç–∞ –æ–±–ª–∞—Å—Ç—ñ - –ß–µ–ª–∞–π–Ω
chelinetv",CheLineTv,Frontline,Chernihiv
"–ß–µ—Ä–Ω–∏–≥–æ–≤ –ë—é—Ä–æ –Ω–∞—Ö–æ–¥–æ–∫
znahodka",znahodka,Frontline,Chernihiv
"–ß–µ—Ä–Ω—ñ–≥—ñ–≤—Å—å–∫–∏–π —Å–ø–æ—Ä—Ç
che_sport",chesport_cn,Frontline,Chernihiv
–ü–æ—Ç—Ä—ñ–±–Ω–µ. –•–∞—Ä–∫—ñ–≤,potribne_kharkiv,Frontline,
–•–∞—Ä—å–∫–æ–≤ Life | –•–∞—Ä—å–∫–æ–≤ –õ–∞–π—Ñ,harkovlife,Frontline,
–í–ï–•–ê –•–∞—Ä—å–∫–æ–≤,vekha,Frontline,
–ú–µ–¥—ñ–∞–≥—Ä—É–ø–∞ –ù–∞–∫–∏–ø—ñ–ª–æ. –•–∞—Ä–∫—ñ–≤,nakipelovo,Frontline,
Kharkiv Journal üá∫üá¶,kharkivjournal,Frontline,
–ü–µ—Ä–≤—ã–π –•–∞—Ä—å–∫–æ–≤—Å–∫–∏–π,kharkov_sky,Frontline,
–•–∞—Ä—å–∫–æ–≤ 24/7,tip_saltovka,Frontline,
–•–∞—Ä–∫—ñ–≤. –í—ñ–¥–≥—É–∫–∏ –ø—Ä–æ –∑–∞–∫–ª–∞–¥–∏,xarplace,Frontline,
–ü—Ä–µ–¥–∞—Ç–µ–ª–∏ | –•–∞—Ä—å–∫–æ–≤,predatel_kh,Frontline,
–ú—ñ–π –•–∞—Ä–∫—ñ–≤ üíôüíõ,mykharkov_info,Frontline,
–•–∞—Ä—å–∫–æ–≤ Life | –£–∫—Ä–∞–∏–Ω–∞ üá∫üá¶,kharkivlife,Frontline,
–•–∞—Ä—å–∫–æ–≤ –°–µ–π—á–∞—Å: –Ω–æ–≤–æ—Å—Ç–∏,now_kharkov,Frontline,
–•–∞—Ä—å–∫–æ–≤—Å–∫–∏–π,kharkovskiy_tg,Frontline,
–•–∞—Ä—å–∫–æ–≤ ‚úô NOW,kharkov_now,Frontline,
–•–∞—Ä—å–∫–æ–≤ Life,kharkivlife18,Frontline,
‚ö°–•–∞—Ä—å–∫–æ–≤|| –ù–æ–≤–æ—Å—Ç–∏ü§ô‚úô,ua_kharkiv_help,Frontline,
–•–∞—Ä—å–∫–æ–≤ Z –í–µ—â–∞–µ—Ç,kharkovzv,Frontline,
KHARKIV TODAYüá∫üá¶,kharkivtoday1,Frontline,
Just Kharkiv Ukraine üá∫üá¶,just_kharkov,Frontline,
–ü–µ—Ä–≤—ã–π –•–∞—Ä—å–∫–æ–≤—Å–∫–∏–π,kharkov_perviy,Frontline,
–•–∞—Ä—å–∫–æ–≤ –¢—É—Ç,kharkiv_tut,Frontline,
–•–∞—Ä—å–∫–æ–≤. –ì–ª–∞–≤–Ω–æ–µ,kharkivpolitics,Frontline,
"–ú–ï–¢–ê | –ù–û–í–ò–ù–ò –í–Ü–ô–ù–ò | –ö–∏—ó–≤, –õ—å–≤—ñ–≤, –•–∞—Ä–∫—ñ–≤, –û–¥–µ—Å–∞, –î–Ω—ñ–ø—Ä–æ, –ó–∞–ø–æ—Ä—ñ–∂–∂—è",meta_ukr,Frontline,
"–¢—Ä—É—Ö–∞‚ö°Ô∏è–ó–∞–ø–æ—Ä—ñ–∂–∂—è, –•–∞—Ä–∫—ñ–≤, –ú–∏–∫–æ–ª–∞—ó–≤, –î–Ω–µ–ø—Ä",unitsggg,Frontline,
–•–∞—Ä—å–∫–æ–≤ NEWS‚ö°Ô∏è–ù–æ–≤–æ—Å—Ç–∏ –•–∞—Ä—å–∫–æ–≤–∞ üá∫üá¶,kharkiv_news_24,Frontline,
–ï–±–∞–Ω—É—Ç—ã–π –•–∞—Ä—å–∫–æ–≤,ebanuty_kharkov,Frontline,
–°–∏–¥–æ—Ä–µ–Ω–∫–æ | –°–°–û –ê–ó–û–í –•–ê–†–ö–Ü–í,sso_azov_kharkiv,Frontline,
–•–∞—Ä–∫—ñ–≤ –ú–Ü–°–¢–û-–ì–ï–†–û–ôüá∫üá¶,kharkiv_misto_geroi,Frontline,
–•–∞—Ä—å–∫–æ–≤ TRIP,kharkovtrip,Frontline,
–•–∞—Ä—å–∫–æ–≤ LIVE üá∫üá¶,livekharkov1,Frontline,
–•–∞—Ä–∫—ñ–≤ üá∫üá¶ –£–∫—Ä–∞—ó–Ω–∞,photo_kharkiv,Frontline,
–ù–æ–≤–∏–Ω–∏.LIVE –•–∞—Ä–∫—ñ–≤,novynylive_kharkiv,Frontline,
–•–∞—Ä–∫—ñ–≤ HELP ‚Äî –î–æ–ø–æ–º–æ–≥–∞ –∞—Ä–º—ñ—ó —Ç–∞ —Ü–∏–≤—ñ–ª—å–Ω–∏–º,kharkiv_help_2022,Frontline,
–ù–æ–≤–∏–Ω–∏ —Å–ª—É–∂–±–∏ 1562 –º. –•–∞—Ä–∫—ñ–≤,kharkiv_1562,Frontline,
–ü–æ—Ç–µ—Ä—è—à–∫–∏-–•–∞—Ä—å–∫–æ–≤,xtznakhodkapoteria_kh,Frontline,
–•–∞—Ä—å–∫–æ–≤ FUCKUP,kharkov_fuckup,Frontline,
kharkiv_24_7 üá∫üá¶ –Ω–æ–≤–æ—Å—Ç–∏ –•–∞—Ä—å–∫–æ–≤ kharkiv üá∫üá¶ –£–∫—Ä–∞–∏–Ω–∞ –≤–æ–π–Ω–∞ kharkov,kharkiv_24_7,Frontline,
–•–∞—Ä—å–∫–æ–≤-–ì–µ—Ä–º–∞–Ω–∏—èüíõüíô,khrkivgermany,Frontline,
–•–∞—Ä—å–∫–æ–≤ –ó–Ω–∞–µ—Ç,xz_kharkov_znaet,Frontline,
"–û–ø—Ç, –¥—Ä–æ–ø—à–∏–ø–ø—ñ–Ω–≥ –•–∞—Ä–∫—ñ–≤",irabrown_opt,Frontline,
–ù–ê–î–Ü–Ø –Ñ! |–•–∞—Ä–∫—ñ–≤ –î–æ–ø–æ–º–æ–≥–∞,nadiiayekharkiv,Frontline,
–•–∞—Ä—å–∫–æ–≤ 1654 üá∫üá¶ –ì–æ—Ä–æ–¥-–≥–µ—Ä–æ–π,kharkiv_1654,Frontline,
–¢—Ä–µ–º–ø–µ–ª—å –•–∞—Ä—å–∫–æ–≤,kharkov_trempel,Frontline,
–•–∞—Ä—å–∫–æ–≤—Å–∫–∏–µ –ë—É–¥–Ω–∏ üá∫üá¶ ¬©Ô∏è –•–∞—Ä—å–∫–æ–≤,budni_kh,Frontline,
–ù–æ–≤–∏–Ω–∏ –•–∞—Ä–∫–æ–≤–∞ / –•–∞—Ä–∫—ñ–≤,kharkivnovyny,Frontline,
–¢–æ–ø–ª–∏–≤–æ –•–∞—Ä—å–∫–æ–≤ / –ü–∞–ª–∏–≤–æ –•–∞—Ä–∫—ñ–≤ / Fuel Kharkov,azskharkov,Frontline,
üá∫üá¶ –•–ê–†–ö–Ü–í ‚úåÔ∏è –Ü–ö,kharkiv_ik,Frontline,
–•–∞—Ä—å–∫–æ–≤ –∫–∞–∫ –æ–Ω –µ—Å—Ç—å,kharkiv_lives,Frontline,
Vgorode.ua | –•–∞—Ä–∫—ñ–≤,vgorode_kharkiv,Frontline,
–°—É—Å–ø—ñ–ª—å–Ω–µ –•–∞—Ä–∫—ñ–≤,suspilnekharkiv,Frontline,
–•–ê–†–¨–ö–û–í –°–ï–ì–û–î–ù–Ø,nolsuka,Frontline,
–§–ö ¬´–ú–µ—Ç–∞–ª—ñ—Å—Ç¬ª –•–∞—Ä–∫—ñ–≤,metalistkh,Frontline,
–ü–æ—Ä—è—Ç—É–Ω–æ–∫ —Ç–≤–∞—Ä–∏–Ω –•–∞—Ä–∫—ñ–≤ üá∫üá¶üêæ,animalrescuekharkiv,Frontline,
"–ê–ö–í–ê–†–ï–ù–ê (–≥—É–º–∞–Ω—ñ—Ç–∞—Ä–Ω–∏–π —Ü–µ–Ω—Ç—Ä, –•–∞—Ä–∫—ñ–≤)",aquarena,Frontline,
DIGITAL KHARKIV,digital_kharkiv,Frontline,
–ù–µ–ø–æ—Ä—è–¥–æ—á–Ω—ã–π –•–∞—Ä—å–∫–æ–≤,neporyadochniykharkov,Frontline,
–í–û ¬´–•–∞—Ä–∫—ñ–≤¬ª –ö–∞–Ω–∞–ªüëã,volonteri_kharkiv,Frontline,
–ì–û ¬´–£–∫—Ä–∞—ó–Ω–∞ –°–û–°¬ª | –•–∞—Ä–∫—ñ–≤-SOS,kharkivsos,Frontline,
–•–∞—Ä—å–∫–æ–≤,kharkov,Frontline,
IT Student by Kharkiv IT Cluster,openit2,Frontline,
–ü–æ–≤–µ—Å—Ç–∫–∏ –•–∞—Ä—å–∫–æ–≤,gde_povestki_kharkov,Frontline,
–î–æ–ø–æ–º–æ–≥–∞ –•–∞—Ä–∫—ñ–≤. –ë–§ ¬´–Ñ–¥–Ω—ñ—Å—Ç—å —Ç–∞ –°–∏–ª–∞¬ª,slavaukrainikh,Frontline,
–í–æ–ª–æ–Ω—Ç–µ—Ä–∏ AVA Kharkiv,ava_volunteer,Frontline,
–•–∞—Ä—å–∫–æ–≤ –û–ø–µ—Ä–∞—Ç–∏–≤–Ω—ã–πüá∫üá¶,kharkovoperativniy,Frontline,
–•–ê–†–ö–Ü–í –ù–ê–î–ò–•–ê–Ñ...,prysvyata_ridnomu_mistu,Frontline,
–•–∞—Ä–∫—ñ–≤ –¥–ª—è –õ—é–¥–µ–π,kharkiv_for_people,Frontline,
–ú–æ–ª–æ–¥—ñ–∂–Ω–∞ —Ä–∞–¥–∞ –ø—Ä–∏ –•–∞—Ä–∫—ñ–≤—Å—å–∫–æ–º—É –º—ñ—Å—å–∫–æ–º—É –≥–æ–ª–æ–≤—ñ | Kharkiv Youth City Council,kh_mgs,Frontline,
War till Victory Kharkiv,wartovictorykharkiv,Frontline,
–ö–∞—Ä—ñ—Ç–∞—Å –•–∞—Ä–∫—ñ–≤,caritaskharkiv,Frontline,
–ë—É–¥—ñ–≤–µ–ª—å–Ω–∏–π –•–∞—Ä–∫—ñ–≤ üá∫üá¶ –°—Ç—Ä–æ–∏—Ç–µ–ª—å–Ω—ã–π –•–∞—Ä—å–∫–æ–≤,strojkh,Frontline,
–ü–∞—Ä–∫ –ì–æ—Ä—å–∫–æ–≥–æ. –•–∞—Ä–∫—ñ–≤,park_ua,Frontline,
Kharkiv Media Hub,kharkivmediahub,Frontline,
–ù–∞—à –•–∞—Ä–∫—ñ–≤,nash_kharkiv,Frontline,
¬´–ù–ï–°–ö–û–†–ï–ù–ò–ô –•–ê–†–ö–Ü–í¬ª,nesko_kharkov,Frontline,
–•–∞—Ä—å–∫–æ–≤—Å–∫–∏–π –ú–æ—Ç–æ–ß–∞—Ç,kharkivmoto,Frontline,
üî•–ù–æ–≤–æ–±—Ä–µ–Ω–¥üî• –•–∞—Ä—å–∫–æ–≤,bkh115,Frontline,
–ú–æ–≤–∞. –•–∞—Ä–∫—ñ–≤ üá∫üá¶,mova_kharkiv,Frontline,
–ü–æ–≤–µ—Å—Ç–∫–∏ –•–∞—Ä—å–∫–æ–≤ / –ü–æ–≤—ñ—Å—Ç–∫–∏ –•–∞—Ä–∫—ñ–≤,povistky_kharkiv,Frontline,
Yellow HELP –•–∞—Ä–∫—ñ–≤,yellow_help,Frontline,
–•–∞—Ä—å–∫–æ–≤—Å–∫–∏–π —Ñ–∞—Ä—à ü•©üß†,xarkov_farsh,Frontline,
–í–≥–æ—Ä—É. –•–µ—Ä—Å–æ–Ω. –ù–æ–≤–∏–Ω–∏,vgorunews,De-occupied,
–°—É—Å–ø—ñ–ª—å–Ω–µ –•–µ—Ä—Å–æ–Ω,suspilnekherson,De-occupied,
–•–µ—Ä—Å–æ–Ω—Å–∫–∏–π —Ç–∏–ø—á–∞–∫.,VKhersone,De-occupied,
–•–µ—Ä—Å–æ–Ω online,kherson_ukr_online,De-occupied,
–ú–æ—Ö–µ—Ä–æ–≤—ã–π –•–µ—Ä—Å–æ–Ω üá∑üá∫,kherson_mohair,De-occupied,
–¢–∏–ø–∏—á–Ω—ã–π –•–µ—Ä—Å–æ–Ω ,tipherson,De-occupied,
–•–ï–†–°–û–ù: –í–æ–π–Ω–∞ –ë–µ–∑ –§–µ–π–∫–æ–≤,kherson_non_fake,De-occupied,
–•–ï–†–°–û–ù |–î–ù–†| –õ–ù–† |–ó–ê–ü–û–†–û–ñ–¨–ï,kherson_donbas,De-occupied,
–ù–æ–≤–æ—Å—Ç–∏ –•–µ—Ä—Å–æ–Ω | –ù–æ–≤–∏–Ω–∏ –•–µ—Ä—Å–æ–Ω–∞,khersonnovosty,De-occupied,
–ö–æ–Ω—Å—Ç–∞–Ω—Ç–∏–Ω –†—ã–∂–µ–Ω–∫–æ - –ñ—É—Ä–Ω–∞–ª–∏—Å—Ç [–•–µ—Ä—Å–æ–Ω],jurnko,De-occupied,
–•–µ—Ä—Å–æ–Ω—Å–∫–∏–π –í–µ—Å—Ç–Ω–∏–∫,HersonVestnik,De-occupied,
–•–µ—Ä—Å–æ–Ω –∏ –ó–∞–ø–æ—Ä–æ–∂—å–µ 24 | –ù–æ–≤–æ—Å—Ç–∏,zaporozhye24news,De-occupied,
–•—É–µ–≤—ã–π –•–µ—Ä—Å–æ–Ω üá∫üá¶,hueviyherson,De-occupied,
–•—É–µ–≤—ã–π –•–µ—Ä—Å–æ–Ω,hueviy_kherson,De-occupied,
–•–µ—Ä—Å–æ–Ω –¥–Ω—ë–º –∏ –Ω–æ—á—å—é,dn_kherson,De-occupied,
–•–µ—Ä—Å–æ–Ω –û—Å–≤–æ–±–æ–∂–¥–µ–Ω–Ω—ã–π.,kherson_svoboda,De-occupied,
–ü—Ä—è–º–æ–π —ç—Ñ–∏—Ä –•–µ—Ä—Å–æ–Ω,efir_herson,De-occupied,
–•–µ—Ä—Å–æ–Ω –¢—É—Ç,kherson_tut,De-occupied,
–•–ï–†–°–û–ù | –ù–û–í–û–°–¢–ò üá∫üá¶ –ú–ï–õ–ò–¢–û–ü–û–õ–¨,zaporozhe_kropivnitskyi,De-occupied,
–£—é—Ç–Ω—ã–π –•–µ—Ä—Å–æ–Ω,kherson_uyut,De-occupied,
–•—É–µ–≤—ã–π –•–µ—Ä—Å–æ–Ω | –û–ª–µ—à–∫–∏/–ö–∞—Ö–æ–≤–∫–∞üá∫üá¶,oleshkytop,De-occupied,
–ú–û–°–¢: –•–ï–†–°–û–ù,mostks,De-occupied,
–¢–∏–ø–∏—á–Ω—ã–π –•–µ—Ä—Å–æ–Ω,kherson_typical,De-occupied,
–Ü–Ω—Ñ–æ—Ä–º–∞—Ç–æ—Ä üçâ –•–µ—Ä—Å–æ–Ω,informator_kherson,De-occupied,
–ù–∞ —Å–∞–º–æ–º –¥–µ–ª–µ –≤ –•–µ—Ä—Å–æ–Ω–µ,NSDVKhersone,De-occupied,
–•–µ—Ä—Å–æ–Ω.—Ä—É üÖâ,herson_rus,De-occupied,
MDK –•–µ—Ä—Å–æ–Ω,mdk_kherson,De-occupied,
–ú—ñ–π –•–µ—Ä—Å–æ–Ω ‚úô üçâ,mij_kherson,De-occupied,
–†–∞–¥–∏–æ ¬´–¢–∞–≤—Ä–∏—è¬ª –•–µ—Ä—Å–æ–Ω,radio_tavriya,De-occupied,
–•–µ—Ä—Å–æ–Ω live,kherson_live,De-occupied,
–ì–ª–∞–≤–Ω–æ–µ –≤ –•–µ—Ä—Å–æ–Ω–µ,hercon_ru,De-occupied,
Pro –•–µ—Ä—Å–æ–Ω,prokherson_ru,De-occupied,
–ü—Ä–∞–≤–∏–ª—å–Ω—ã–π –•–µ—Ä—Å–æ–Ω,truekherson,De-occupied,
–•–µ—Ä—Å–æ–Ω —ç–≤–∞–∫—É–∞—Ü–∏—è(–ë–µ—Å–ø–ª–∞—Ç–Ω–æ),evakuaziiabezplatno,De-occupied,
–ù–æ–≤–æ—Å—Ç–∏ –•–µ—Ä—Å–æ–Ω—â–∏–Ω—ã,kherson_news_info,De-occupied,
–°–≤–æ–±–æ–¥–Ω—ã–π –•–µ—Ä—Å–æ–Ω,countryfreekherson,De-occupied,
–ö–∞–≤—É–Ω –•–µ—Ä—Å–æ–Ω üçâ,kavun_ks,De-occupied,
–ó–¥–æ—Ä–æ–≤—ã–π –•–µ—Ä—Å–æ–Ω,zdrxerson,De-occupied,
–•–µ—Ä—Å–æ–Ω 24,kherson_24_ua,De-occupied,
–•–µ—Ä—Å–æ–Ω Life –ù–æ–≤–æ—Å—Ç–∏,newskhersonlife,De-occupied,
–•–µ—Ä—Å–æ–Ω –ø–æ–µ–∑–¥–∫–∏,perevozkikherson,De-occupied,
–†–æ–º–∞–Ω –ì–æ–ª–æ–≤–Ω—è –•–µ—Ä—Å–æ–Ω,roman_holovnya,De-occupied,
–ë–∞–∑–∞ –ó–Ω–∏–∫–ª–∏—Ö –•–µ—Ä—Å–æ–Ω,baza_kherson,De-occupied,
–í—ñ–ª—å–Ω–∏–π –•–µ—Ä—Å–æ–Ω,fkherson,De-occupied,
–•–µ—Ä—Å–æ–Ω –¢–∞–π–º: –ù–æ–≤–∏–Ω–∏üá∫üá¶ –£–∫—Ä–∞—ó–Ω–∞ –ù–æ–≤–∞ –ö–∞—Ö–æ–≤–∫–∞ –°–∫–∞–¥–æ–≤—Å—å–∫ –û–ª–µ—à–∫–∏,khersontime,De-occupied,
–ß–∞—Ç –•–µ—Ä—Å–æ–Ω,city_ks,De-occupied,
–•—É–≤—ã–π –•–µ—Ä—Å–æ–Ω | –†–µ–∑–µ—Ä–≤,hersonhueviyy,De-occupied,
–•–µ—Ä—Å–æ–Ω –Ω–µ–∑–ª–∞–º–Ω–∏–π üá∫üá¶,kherson_unbroken,De-occupied,
–ü–æ–º–æ—â—å –•–µ—Ä—Å–æ–Ω üôè –î–æ–ø–æ–º–æ–≥–∞ –•–µ—Ä—Å–æ–Ω | –í–æ–ª–æ–Ω—Ç–µ—Ä—ã,helpmekherson,De-occupied,
–•–µ—Ä—Å–æ–Ω –æ–Ω–ª–∞–π–Ω,hersono,De-occupied,
–ê–∫—Ç—É–∞–ª—å–Ω—ã–π –•–µ—Ä—Å–æ–Ω,ak_herson,De-occupied,
–û–ø–æ–≤—ñ—â–µ–Ω–Ω—è –ö–æ—Ä—é–∫—ñ–≤–∫–∞,Koryukivka_MR,De-occupied,
–ö–æ—Ä—é–∫—ñ–≤—Å—å–∫—ñ –ø–∞—Ä—Ç–∏–∑–∞–Ω–∏,partizanyofkrk,De-occupied,
–ü–Ü–î–°–õ–£–•–ê–ù–û –ö–û–†–Æ–ö–Ü–í–ö–ê,koryukivka,De-occupied,
–ù–∞—à–∞ –ö–æ—Ä—é–∫—ñ–≤–∫–∞,krkvka,De-occupied,
"–ö–æ—Ä—é–∫i–≤–∫a.–°–ø–æ–≤i—â–µ–Ω–Ω—è, —Ä–µ–∞–≥—É–≤–∞–Ω–Ω—è —Ç–∞ –≤–∞–∂–ª–∏–≤i –Ω–æ–≤–∏–Ω–∏.",Koryukovka,De-occupied,
–ü–Ü–î–°–õ–£–•–ê–ù–û –ß–ê–¢,koryukivka_chat,De-occupied,
–°—É—Å—ñ–¥–∏.city,susidycity,De-occupied,
–ö—É–ø—è–Ω—Å–∫ –ù–∞—à,kupiansknash,De-occupied,
–ö—É–ø—è–Ω—Å–∫ Za –ü–æ–±–µ–¥—É!üá∑üá∫,Kupyansk_ZOV,De-occupied,
–î–≤—É—Ä–µ—á–Ω–∞—è | –ö—É–ø—è–Ω—Å–∫ üîî,dvurinfo,De-occupied,
–ù–æ–≤–æ—Å—Ç–∏ –ò–∑—é–º-–ö—É–ø—è–Ω—Å–∫-–•–∞—Ä—å–∫–æ–≤,newsnewsizyumkupyansk,De-occupied,
–í–æ–π–Ω–∞ –ö—É–ø—è–Ω—Å–∫ | –ù–æ–≤–æ—Å—Ç–∏ –õ–∏–º–∞–Ω,rossiaxd,De-occupied,
"–ó–∞—Ö–∏—Å—Ç –ö—É–ø‚Äô—è–Ω—â–∏–Ω–∏ (–ö—É–ø‚Äô—è–Ω—Å—å–∫ (–ö—É–ø—è–Ω—Å–∫, –ö—É–ø—è–Ω—Å—å–∫), –î–≤–æ—Ä—ñ—á–Ω–∞, –í–µ–ª–∏–∫–∏–π –ë—É—Ä–ª—É–∫, –®–µ–≤—á–µ–Ω–∫–æ–≤–µ)",Kupiansk_Defense,De-occupied,
"–õ–ò–°–ò–ß–ê–ù–°–ö –ò–ù–§–û #3üî•
lisichansk3",lisichansk3,Occupied,
"–ê–ö–í–ê–¢–£–† –î–Ω–µ–ø—Ä-–ë–µ—Ä–¥—è–Ω—Å–∫-–õ–∏—Å–∏—á–∞–Ω—Å–∫
aquadp",aquadp,Occupied,
"–õ–ò–°–ò–ß–ê–ù–°–¨–ö NEWS üá∫üá¶
lis_news",LIS_News,Occupied,
"–õ–∏—Å–∏—á–∞–Ω—Å—å–∫–∞ –º—ñ—Å—å–∫–∞ –í–ê
vca_lis",VCA_Lis,Occupied,
"–õ–∏—Å–∏—á–∞–Ω—Å–∫. –°–µ–≤–µ—Ä–æ–¥–æ–Ω–µ—Ü–∫. –†—É–±–µ–∂–Ω–æ–µ. –¢—Ä–µ—É–≥–æ–ª—å–Ω–∏–∫
lsrt22",lsrt22,Occupied,
"¬´–õ–∏—Å–∏—á–∞–Ω—Å–∫ - –∫–æ–ª—ã–±–µ–ª—å –î–æ–Ω–±–∞—Å—Å–∞¬ª
lisichanskinfo",Lisichanskinfo,Occupied,
"–°–µ–≤–µ—Ä–æ–¥–æ–Ω–µ—Ü–∫ –õ–∏—Å–∏—á–∞–Ω—Å–∫ –†—É–±–µ–∂–Ω–æ–µ (–õ—É–≥–∞–Ω—â–∏–Ω–∞)
lyganskpomoh",lyganskpomoh,Occupied,
"–¢–†–ï–£–ì–û–õ–¨–ù–ò–ö ‚ö†Ô∏è–°–ï–í–ï–†–û–î–û–ù–ï–¶–ö. –õ–ò–°–ò–ß–ê–ù–°–ö. –†–£–ë–ï–ñ–ù–û–ï
luganshina_inside",luganshina_inside,Occupied,
"üÖâ –ú–∞—Ä–∏—É–ø–æ–ª—å ,–°–µüÖÖ–µ—Ä–æ–¥–æ–Ω–µ—Ü–∫, –õ–∏—Å–∏—á–∞–Ω—Å–∫, –†—É–±–µ–∂–Ω–æ–µ
maripolz",maripolZ,Occupied,
"–ù–æ–≤–æ—Å—Ç–∏ ‚ö†Ô∏è –°–µ–≤–µ—Ä–æ–¥–æ–Ω–µ—Ü–∫-–õ–∏—Å–∏—á–∞–Ω—Å–∫-–†—É–±–µ–∂–Ω–æ–µ + –ö—Ä–µ–º–µ–Ω–Ω–∞—è
novsevlisrub",novsevlisrub,Occupied,
"–í–µ—Å—Ç–∏ –¢—Ä–µ—É–≥–æ–ª—å–Ω–∏–∫–∞ | –õ–∏—Å–∏—á–∞–Ω—Å–∫ - –ü—Ä–∏–≤–æ–ª—å–µ - –ù–æ–≤–æ–¥—Ä—É–∂–µ—Å–∫ - –†—É–±–µ–∂–Ω–æ–µ - –°–µ–≤–µ—Ä–æ–¥–æ–Ω–µ—Ü–∫
newstriangle",newstriangle,Occupied,
"–ù–æ–≤–æ—Å—Ç–∏ —Ä–µ–≥–∏–æ–Ω–∞: –õ–∏—Å–∏—á–∞–Ω—Å–∫, –°–µ–≤–µ—Ä–æ–¥–æ–Ω–µ—Ü–∫, –†—É–±–µ–∂–Ω–æ–µ, –ü—Ä–∏–≤–æ–ª—å–µ, –ë–∞—Ö–º—É—Ç...
regionvostok22",regionvostok22,Occupied,
"–ê–¥–º–∏–Ω–∏—Å—Ç—Ä–∞—Ü–∏—è –õ–∏—Å–∏—á–∞–Ω—Å–∫–∞
lisichansk_adm",lisichansk_adm,Occupied,
"–ü—Ä–µ–¥–∞—Ç–µ–ª–∏ –£–∫—Ä–∞–∏–Ω—ã –∏–∑ –õ–∏—Å–∏—á–∞–Ω—Å–∫–∞ –∏ –°–µ–≤–µ—Ä–æ–¥–æ–Ω–µ—Ü–∫–∞
predatelilisicanska",predateliLisicanska,Occupied,
–†–æ–¥–Ω–æ–π –õ–∏—Å–∏—á–∞–Ω—Å–∫,lisichansk_time,Occupied,
–î–æ—Ä–æ–≥–∏ –≤ –õ–∏—Å–∏—á–∞–Ω—Å–∫üöò,Lis_go_home,Occupied,
"–ì–ª–∞–≤–∞ –ú–∞—Ä–∏—É–ø–æ–ª—è –ö–æ–Ω—Å—Ç–∞–Ω—Ç–∏–Ω –ò–≤–∞—â–µ–Ω–∫–æ
glavamariupol",glavamariupol,Occupied,
"–ù–æ–≤—ã–π –ú–∞—Ä–∏—É–ø–æ–ª—å
novyymariupol",novyymariupol,Occupied,
"‚ÅâÔ∏è –ë–Æ–†–û. –ú–ê–†–ò–£–ü–û–õ–¨.
mariupol_buro",mariupol_buro,Occupied,
"–ñ—É—Ä–Ω–∞–ª—ñ—Å—Ç –ê—Ä—Ç–µ–º –ü–æ–ø–æ–≤ [–ú–∞—Ä—ñ—É–ø–æ–ª—å üá∫üá¶]
popovua",popovua,Occupied,
"–ú–ê–†–ò–£–ü–û–õ–¨ | –ù–û–í–û–°–¢–ò | mariupoltopnews
mariupoltopnews",t.me/mariupoltopnews,Occupied,
"–ú–∞—Ä–∏—É–ø–æ–ª—å | Super Marik üá∫üá¶
mariupol_super_marik",t.me/mariupol_super_marik,Occupied,
"–ú–æ–π –ú–∞—Ä–∏—É–ø–æ–ª—å
mymariupol_news",mymariupol_news,Occupied,
"–ú–ê–†–ò–£–ü–û–õ–¨ –ü–û –§–ê–ö–¢–£ üëÄ
mrplonline",mrplonline,Occupied,
"–ì—Ä–∞–∂–¥–∞–Ω–∏–Ω –ú–∞—Ä–∏—É–ø–æ–ª—è
mrpl_ctzn",mrpl_ctzn,Occupied,
"–ú–ê–†–ò–£–ü–û–õ–¨ | 0629 BLACK
mariupol_0629_black",mariupol_0629_black,Occupied,
"–ú–∞—Ä—ñ—É–ø–æ–ª—å—Å—å–∫–∞ –º—ñ—Å—å–∫–∞ —Ä–∞–¥–∞
mariupolrada",,Occupied,
"–ú–∞—Ä–∏—É–ø–æ–ª—å 0629
lovecity0629",lovecity0629,Occupied,
"–ú–ê–†–ò–£–ü–û–õ–¨ –°–ü–ò–°–ö–ò. –ú—ã –ñ–∏–≤—ã!
listsofevacuees",listsofevacuees,Occupied,
"–ö–∞—Ä—ñ—Ç–∞—Å –ú–∞—Ä—ñ—É–ø–æ–ª—å
caritas_mariupol",caritas_mariupol,Occupied,
"–ü–æ–∏—Å–∫ –±–ª–∏–∑–∫–∏—Ö, –ú–∞—Ä–∏—É–ø–æ–ª—å
searchforloved",searchforloved,Occupied,
–ü–∞—Ä—Ç–∏Z–∞–Ω–∫–∞ –ú–∞—Ä–∏—É–ø–æ–ª—å—Å–∫–∞—è,leryk,Occupied,
"–û–±—ä—è–≤–ª–µ–Ω–∏—è. –ú–∞—Ä–∏—É–ø–æ–ª—å
ads4mar",ads4mar,Occupied,
"–ê–î–ú–ò–ù–ò–°–¢–†–ê–¶–ò–Ø –û–†–î–ñ–û–ù–ò–ö–ò–î–ó–ï–í–°–ö–û–ì–û –†–ê–ô–û–ù–ê –ì–û–†–û–î–ê –ú–ê–†–ò–£–ü–û–õ–Ø
ordjonikidzadmin",ordjonikidzadmin,Occupied,
"–ó—Ä–∞–¥–Ω–∏–∫–∏ –ú–∞—Ä—ñ—É–ø–æ–ª—å old
ukraine_mariupol2022",ukraine_mariupol2022,Occupied,
"–ú–∞—Ä–∏—É–ø–æ–ª—å - —Ä—ã–Ω–æ–∫ –ø–∞—Ä–∞
odnorazki_mariupol_opt",odnorazki_mariupol_OPT,Occupied,
"–¢–∏–ø–æ–≤–∏–π –ú–∞—Ä—ñ—É–ø–æ–ª—å
typical_mariupol",typical_mariupol,Occupied,
"–ú–ê–†–ò–£–ü–û–õ–¨ –ù–ê–® üá∑üá∫
mariupol_nash_ru",mariupol_nash_ru,Occupied,
"HelpList –ú–∞—Ä–∏—É–ø–æ–ª—å
helplistmariupol",helplistmariupol,Occupied,
"#–ú–∞—Ä–∏—É–ø–æ–ª—å #–ù–∞–¥–µ–∂–¥–∞
maripol_hope",maripol_hope,Occupied,
"–ú–ê–†–ò–£–ü–û–õ–¨|–û–î–ï–ñ–î–ê|–≠–î–ï–õ–¨–í–ï–ô–°
mariupol_odejda",mariupol_odejda,Occupied,
"SMOTRI‚ìÇÔ∏è –ú–∞—Ä–∏—É–ø–æ–ª—å
smotrimariupol",smotrimariupol,Occupied,
"–ú–∞—Ä–∏—É–ø–æ–ª—å—Å–∫–∏–π –≥–æ—Å—É–¥–∞—Ä—Å—Ç–≤–µ–Ω–Ω—ã–π —É–Ω–∏–≤–µ—Ä—Å–∏—Ç–µ—Ç
marmgu",marmgu,Occupied,
"–ú–∞—Ä–∏—É–ø–æ–ª—å | –û–∫—Ç—è–±—Ä—å—Å–∫–∏–π —Ä–∞–π–æ–Ω
news_oktyabrskiy",news_oktyabrskiy,Occupied,
"–ú–∞—Ä–∏—É–ø–æ–ª—å –°–µ–≥–æ–¥–Ω—è
marik_today",marik_today,Occupied,
"–•—É–µ–≤–π –ú–∞—Ä–∏—É–ø–æ–ª—å | –ú–∞—Ä—ñ—É–ø–æ–ª—å
mariupol",mariupol,Occupied,
"–ú–∞—Ä–∏—É–ø–æ–ª—å Online
mariupol_online24",mariupol_online24,Occupied,
"–ù–û–í–´–ô –ú–ê–†–ò–£–ü–û–õ–¨!
nmrpl",nmrpl,Occupied,
"–ò–Ω—Ñ—Ä–∞—Å—Ç—Ä—É–∫—Ç—É—Ä–∞ –ú–∞—Ä–∏—É–ø–æ–ª—è
infrmariupol",infrmariupol,Occupied,
"–î–æ–Ω–µ—Ü–∫ –ú–∞—Ä–∏—É–ø–æ–ª—å –ú–∞–∫–µ–µ–≤–∫–∞
gorlovka_kramatorsk",gorlovka_kramatorsk,Occupied,
"–ú–∞—Ä–∏—É–ø–æ–ª—å –•–ú
mariupolxm",mariupolxm,Occupied,
"–ú–ê–†–ò–£–ü–û–õ–¨ 24
mariupol24tv",mariupol24tv,Occupied,
"–ó—Ä–∞–¥–Ω–∏–∫–∏ –ú–∞—Ä—ñ—É–ø–æ–ª—å üçâ
zradnykymrpl",zradnykymrpl,Occupied,
"–ú–∞—Ä–∏—É–ø–æ–ª—å —Å–µ–π—á–∞—Å üá∫üá¶
mariupolnow",mariupolnow,Occupied,
"–û—Ç –ú–∞—Ä–∏—É–ø–æ–ª—è –¥–æ –ö–∞—Ä–ø–∞—Ç
osvedomitell_alex",osvedomitell_alex,Occupied,
"–ú–∞—Ä–∏—É–ø–æ–ª—å ‚öìÔ∏è –ù–∞–≤—Å–µ–≥–¥–∞
marik_life",marik_life,Occupied,
"–ú–∞—Ä–∏—É–ø–æ–ª—å
marik_news",marik_news,Occupied,
"CityBus –ú–∞—Ä–∏—É–ø–æ–ª—å üá∑üá∫
citybus_dpr",citybus_dpr,Occupied,
"–ú–∞—Ä–∏—É–ø–æ–ª—å —Å–µ–π—á–∞—Å üá∑üá∫
mariupolz",mariupolz,Occupied,
"–î–æ–º–æ–≤—ã–µ –ß–∞—Ç—ã –ú–∞—Ä–∏—É–ø–æ–ª—å
dom4mar",dom4mar,Occupied,
"–ú–∞—Ä–∏—É–ø–æ–ª—å Z
mariupol_z",mariupol_z,Occupied,
"–ú–∞—Ä—ñ—É–ø–æ–ª—å. –°–ø—Ä–æ—Ç–∏–≤ ü§´
mrplsprotyv",mrplsprotyv,Occupied,
"–ù–æ–≤–æ—Å—Ç–∏ –ú–∞—Ä–∏—É–ø–æ–ª—è
mrplcity",mrplcity,Occupied,
"–ì–¶ ""–≠–ø–∏—Ü–µ–Ω—Ç—Ä"" –ú–∞—Ä–∏—É–ø–æ–ª—å
epicenter_mariupol",epicenter_mariupol,Occupied,
"–ú–∞—Ä–∏—É–ø–æ–ª—å ‚ö°Ô∏è 24
donbass_mrpl",donbass_mrpl,Occupied,
"–ü–ì–¢–£ –ú–∞—Ä–∏—É–ø–æ–ª—å
pstu_mariupol",pstu_mariupol,Occupied,
"–¢–∏–ø–∏—á–Ω—ã–π –ú–∞—Ä–∏—É–ø–æ–ª—å üá∫üá¶
tp_mrpl",tp_mrpl,Occupied,
"üöò –ú–ê–®–ò–ù–ê. –ú–ê–†–ò–£–ü–û–õ–¨
mariupol_mashina",mariupol_mashina,Occupied,
"Viman - –¢–µ—Ö–Ω–∏–∫ –ú–∞—Ä–∏—É–ø–æ–ª—å
avto_zapchasti_mrpl",avto_zapchasti_mrpl,Occupied,
"–ú–∞—Ä—ñ—É–ø–æ–ª—å—Å—å–∫–∏–π –¥–µ—Ä–∂–∞–≤–Ω–∏–π —É–Ω—ñ–≤–µ—Ä—Å–∏—Ç–µ—Ç
mdu_mariupol",mdu_mariupol,Occupied,
"–ù–∞—Å—Ç–æ—è—â–∏–π –ú–∞—Ä–∏—É–ø–æ–ª—å
real_mrpl",real_mrpl,Occupied,
"üìÄ –ú–ï–î–ò–ê. –ú–ê–†–ò–£–ü–û–õ–¨
mariupol_media",mariupol_media,Occupied,
"–ú–ê–†–Ü–£–ü–û–õ–¨ INFO |üçâüá∫üá¶–£–∫—Ä–∞—ó–Ω–∞
mariupol_inf",mariupol_inf,Occupied,
"–§–æ—Ä—Ç–µ—Ü—è –ú–∞—Ä—ñ—É–ø–æ–ª—å
fortetsya_mariupol",fortetsya_mariupol,Occupied,
–ú–µ–ª–∏—Ç–æ–ø–æ–ª—å –æ–Ω–ª–∞–π–Ω | –Ω–æ–≤–æ—Å—Ç–∏. —Ñ–∞–∫—Ç—ã. –∏–Ω—Å–∞–π–¥—ã,melitopolonline,Occupied,
–ú–µ–ª–∏—Ç–æ–ø–æ–ª—å. –û—Ç–∑—ã–≤—ã –æ –∑–∞–≤–µ–¥–µ–Ω–∏—è—Ö.,melitopol,Occupied,
–ú–µ–ª–∏—Ç–æ–ø–æ–ª—å Shorts,mltshorts,Occupied,
"–ú–µ–ª–∏—Ç–æ–ø–æ–ª—å, —á–µ—Ä–µ–∑ –ö—Ä—ã–º –≤ –ï–≤—Ä–æ–ø—É.",meliwarnews,Occupied,
–£–≥–æ–ª—å –ú–µ–ª–∏—Ç–æ–ø–æ–ª—å,ugol_mlt,Occupied,
–°—Ä–æ—á–Ω–æ –ú–µ–ª–∏—Ç–æ–ø–æ–ª—å,srochno_melitopol,Occupied,
–ù–æ–≤—ã–π –ú–µ–ª–∏—Ç–æ–ø–æ–ª—å,nowmelitopol,Occupied,
–î–µ—Ç—Å–∫–∏–π –ú–µ–ª–∏—Ç–æ–ø–æ–ª—å,detki_mlt,Occupied,
–∏–ú–ø–µ—Ä–∏—è –ú–µ–ª–∏—Ç–æ–ø–æ–ª—å,imperiamelitopol,Occupied,
–°–≤–æ–±–æ–¥–Ω—ã–π –ú–µ–ª–∏—Ç–æ–ø–æ–ª—å,svoboda_mlt,Occupied,
–î–µ–∞–Ω–æ–Ω –∫–æ–ª–ª–∞–±–æ—Ä–∞–Ω—Ç–æ–≤ –ú–µ–ª–∏—Ç–æ–ø–æ–ª—å,kollaborant_mlt,Occupied,
So Good iPhone –ú–µ–ª–∏—Ç–æ–ø–æ–ª—å,so_good_mlt,Occupied,
–•–ï–†–°–û–ù | –ù–û–í–û–°–¢–ò üá∫üá¶ –ú–ï–õ–ò–¢–û–ü–û–õ–¨,zaporozhe_kropivnitskyi,Occupied,
–ì–û–†–ï–õ–ê–Ø –í–ê–¢–ê l –ú–ï–õ–ò–¢–û–ü–û–õ–¨,vatamlt,Occupied,
–†–æ–¥–Ω–æ–π –ú–µ–ª–∏—Ç–æ–ø–æ–ª—å üçí‚öôÔ∏èüçØ,native_melitopol,Occupied,
–§–∞–±–µ—Ä–ª–∏–∫ –ú–µ–ª–∏—Ç–æ–ø–æ–ª—å –≤ –Ω–∞–ª–∏—á–∏–∏,faberlic_melitopol,Occupied,
NoNaMe | –ù–æ–≤–æ—Å—Ç–∏ –ú–µ–ª–∏—Ç–æ–ø–æ–ª—å | –°–µ–≥–æ–¥–Ω—è,nnmnewsua,Occupied,
–¶–ï–ù–¢–† –ó–ê–ù–Ø–¢–û–°–¢–ò –ó–ê–ü–û–†–û–ñ–°–ö–û–ô –û–ë–õ–ê–°–¢–ò (–ú–µ–ª–∏—Ç–æ–ø–æ–ª—å) üí†,czmel,Occupied,
"–ó–∞–ø–æ—Ä–æ–∂—å–µ- –•–µ—Ä—Å–æ–Ω - –ú–µ–ª–∏—Ç–æ–ø–æ–ª—å- –ß–æ–Ω–≥–∞—Ä - –ê—Ä–º—è–Ω—Å–∫- –ö—Ä—ã–º- –†–æ—Å—Å–∏—è - –ì—Ä—É–∑–∏—è- –ü–æ–ª—å—à–∞, –¢–£–î–ê –∏ –û–ë–†–ê–¢–ù–û! –ü–æ –†–æ—Å—Å–∏–∏ –∏ –ö—Ä—ã–º—É! ""–Æ–∂–Ω—ã–π –ë—Ä–∏–∑""",andreymultivan,Occupied,
–ê–¥–º–∏–Ω–∏—Å—Ç—Ä–∞—Ü–∏—è –≥–æ—Ä–æ–¥–∞ –ú–µ–ª–∏—Ç–æ–ø–æ–ª—è,melitopoladmin,Occupied,
–ì–ª–∞–≤–Ω–æ–µ –≤ –ú–µ–ª–∏—Ç–æ–ø–æ–ª–µ,melitopol_ru,Occupied,
–ú–µ–ª–∏—Ç–æ–ø–æ–ª—å—Å–∫–∏–π –ì–æ—Å—É–¥–∞—Ä—Å—Ç–≤–µ–Ω–Ω—ã–π –£–Ω–∏–≤–µ—Ä—Å–∏—Ç–µ—Ç,mgu_mlt,Occupied,
–¢—Ä—É–¥–æ—É—Å—Ç—Ä–æ–π—Å—Ç–≤–æ –¥–ª—è –∂–∏—Ç–µ–ª–µ–π –ú–µ–ª–∏—Ç–æ–ø–æ–ª—å—Å–∫–æ–≥–æ —Ä–∞–π–æ–Ω–∞,rabota_mel_rai,Occupied,
–ü–æ–ª–∏—Ü–∏—è –ú–µ–ª–∏—Ç–æ–ø–æ–ª—è,mvd_zp,Occupied,
–†–£–°–°–ö–ò–ô –Æ–ì–û-–í–û–°–¢–û–ö | –•–ï–†–°–û–ù | üçì–ú–ï–õ–ò–¢–û–ü–û–õ–¨üçì | –ë–ï–†–î–Ø–ù–°–ö | –ö–†–´–ú | –ú–ê–†–ò–£–ü–û–õ–¨ | –ù–û–í–û–°–¢–ò | –ß–ê–¢,rusHerson,Occupied,
–õ—é–±–∏—Ç–µ–ª–∏ –∂–∏–≤–æ—Ç–Ω—ã—Ö –ú–µ–ª–∏—Ç–æ–ø–æ–ª—å,Zoo_mlt,Occupied,
üá∑üá∫ –¢–≤–æ–π –ú–µ–ª–∏—Ç–æ–ø–æ–ª—å ‚Ñ¢,t_mlt,Occupied,
–ü—Ä–æ –ú–µ–ª–∏—Ç–æ–ø–æ–ª—å,promelitopol,Occupied,
–í–æ—î–Ω–Ω—ñ –Ω–æ–≤–∏–Ω–∏ | –ú–µ–ª—ñ—Ç–æ–ø–æ–ª—å,warinfomelitopol,Occupied,
üá∫üá¶ –Ü–≤–∞–Ω –§–µ–¥–æ—Ä–æ–≤ / –ú–µ–ª—ñ—Ç–æ–ø–æ–ª—å / –º—ñ—Å—å–∫–∏–π –≥–æ–ª–æ–≤–∞,ivan_fedorov_melitopol,Occupied,
–ó—Ä–∞–¥–Ω–∏–∫–∏ –ú–µ–ª—ñ—Ç–æ–ø–æ–ª—å—â–∏–Ω–∏,zradnukymelitopol,Occupied,
–í–∏–∫—Ä–∞–¥–µ–Ω—ñ –º–µ–ª—ñ—Ç–æ–ø–æ–ª—å—Ü—ñ,vykradeni_melitopol,Occupied,
–ú–µ–ª—ñ—Ç–æ–ø–æ–ª—å. –ê–∫—Ç—É–∞–ª—å–Ω—ñ –Ω–æ–≤–∏–Ω–∏,melitopol_live,Occupied,
–ê–ú–°–¢–û–† –û–ü–¢ –ú–µ–ª–∏—Ç–æ–ø–æ–ª—å,amstoropt,Occupied,
–ú–∞–≥–∞–∑–∏–Ω –¢—Ä–∏–∫–æ—Ç–∞–∂ –ú–µ–ª–∏—Ç–æ–ø–æ–ª—å,trikotagmelio,Occupied,
–ü–∞—Ä–∫ –ì–æ—Ä—å–∫–æ–≥–æ. –ú–µ–ª–∏—Ç–æ–ø–æ–ª—å,melito_park,Occupied,
–ù–æ–≤–æ–≥–æ–¥–Ω–∏–π –¥–µ–∫–æ—Ä –ú–µ–ª–∏—Ç–æ–ø–æ–ª—å,new_year_mlt,Occupied,
–ú–∞–≥–∞–∑–∏–Ω –ú–µ–ª–∏—Ç–æ–ø–æ–ª—å‚ù§Ô∏è,shopmelitopol2022,Occupied,
–î–µ—Ç—Å–∫–∞—è –æ–±—É–≤—å –ú–µ–ª–∏—Ç–æ–ø–æ–ª—å Simba_shoes.ua,simba_shoes,Occupied,
–ú–∞—Ä—É—â–∞–∫ –¢–∞—Ç—å—è–Ω–∞ - –ü–µ—Ä–º–∞–Ω–µ–Ω—Ç–Ω—ã–π –ú–∞–∫–∏—è–∂ –ú–µ–ª–∏—Ç–æ–ø–æ–ª—å,tatyana_marushak,Occupied,
Fly kids –ê–º—Å—Ç–æ—Ä –ú–µ–ª–∏—Ç–æ–ø–æ–ª—å,newflykids,Occupied,
"–¢–∏–ø–∏—á–Ω—ã–π –ù–∏–∫–æ–ª–∞–µ–≤
tpnik",tpnik,Frontline,
üíô –ù–∏–∫–æ–ª–∞–µ–≤—Å–∫–∞—è –∫–æ—à–∫–∞ ü§ç,l_o_uis,Frontline,
"–•—É–µ–≤—ã–π –ù–∏–∫–æ–ª–∞–µ–≤
huevyi_nikolaev",huevyi_nikolaev,Frontline,
"–í—ñ—Ç–∞–ª—ñ–π –ö—ñ–º / –ú–∏–∫–æ–ª–∞—ó–≤—Å—å–∫–∞ –û–î–ê
mykolaivskaoda",mykolaivskaODA,Frontline,
"–ù–µ—Ö—É–π–æ–≤—ã–π –ù–∏–∫–æ–ª–∞–µ–≤
h_mykolaiv2022",h_mykolaiv2022,Frontline,
"–ù–∏–∫–æ–ª–∞–µ–≤ - –ø—É–ø –ó–µ–º–ª–∏
nik_pup",nik_pup,Frontline,
"–¢—ë–º–Ω—ã–π –†—ã—Ü–∞—Ä—å –ù–∏–∫–æ–ª–∞–µ–≤
dark_nikolaev",temny_nikolaev,Frontline,
"–®–∏–ø–æ–≤–Ω–∏–∫ | –ù–ò–ö–û–õ–ê–ï–í
shipovnikmedia",shipovnikmedia,Frontline,
"–ú–∏–∫–æ–ª–∞—ó–≤—Å—å–∫—ñ –Ω–æ–≤–∏–Ω–∏ | –ù–æ–≤–æ—Å—Ç–∏ –ù–∏–∫–æ–ª–∞–µ–≤–∞
nikolaevnovosty",nikolaevnovosty,Frontline,
"–¢–µ–º–Ω–∏–π –ú–∏–∫–æ–ª–∞—ó–≤
temny_nikolaev",suspilnemykolaiv,Frontline,
"–ù–∏–∫–æ–ª–∞–µ–≤—Å–∫–∏–π –í–∞–Ω—ë–∫
vanek_nikolaev",vanek_nikolaev,Frontline,
"–õ–æ—Ö–º–∞—Ç—ã–π Z –ù–∏–∫–æ–ª–∞–µ–≤
l0hmatiy",L0HMATIY,Frontline,
"–ù–æ–≤–∏–Ω–∏ –ú–∏–∫–æ–ª–∞—î–≤–∞ –≤—ñ–¥ 0512.ua
mykolaiv0512",mykolaiv0512,Frontline,
"–ú–ê–†–¢—ñ–≤—Å—å–∫–∏–π –∫—ñ—Ç | –ù–æ–≤–∏–Ω–∏ –ú–∏–∫–æ–ª–∞—î–≤–∞ | –ù–æ–≤–æ—Å—Ç–∏ –ù–∏–∫–æ–ª–∞–µ–≤–∞
trkmart",trkmart,Frontline,
"–ú–∏–∫–æ–ª–∞—ó–≤—Å—å–∫–∞ –º—ñ—Å—å–∫–∞ —Ä–∞–¥–∞
mykolaivrada",mykolaivrada,Frontline,
"–•—É–≤—ã–π –ù–∏–∫–æ–ª–∞–µ–≤ | –ù–æ–≤–æ—Å—Ç–∏ –ù–∏–∫–æ–ª–∞–µ–≤–∞ | –ú–∏–∫–æ–ª–∞—ó–≤
nikolaevhueviy",nikolaevhueviy,Frontline,
"–ü–†–£–§ | –ù–ò–ö–û–õ–ê–ï–í üá∫üá¶ –ú–ò–ö–û–õ–ê–á–í
noviny_novostiniko",noviny_novostiniko,Frontline,
"–ü—Ä–∞–≤–¥–∏–≤—ã–π –ù–∏–∫–æ–ª–∞–µ–≤
pravdivy_nikolaev",pravdivy_nikolaev,Frontline,
"–ú–∏–∫–æ–ª–∞—ó–≤—Å—å–∫–∞ –û–±–ª–∞—Å–Ω–∞ –í–∞—Ä—Ç–∞
mykolayiv_varta",mykolayiv_varta,Frontline,
"–ì–∞–Ω–Ω–∞ –ó–∞–º–∞–∑—î—î–≤–∞ // –ú–∏–∫–æ–ª–∞—ó–≤—Å—å–∫–∞ –æ–±–ª–∞—Å–Ω–∞ —Ä–∞–¥–∞
mykolaivskaoblrada",mykolaivskaoblrada,Frontline,
"–ù–∏–∫–æ–ª–∞–µ–≤—Å–∫–∞—è –ù–∞—Ä–æ–¥–Ω–∞—è –†–µ—Å–ø—É–±–ª–∏–∫–∞ #–ù–∏–∫–æ–ª–∞–µ–≤ #Nikolaev #–ù–ù–†
nnr_bu",NNR_BU,Frontline,
"–£–∫—Ä–∞–∏–Ω–∞ –°–µ–π—á–∞—Å: –ö—Ä—ã–º, –ó–∞–ø–æ—Ä–æ–∂—å–µ, –•–µ—Ä—Å–æ–Ω, –ù–∏–∫–æ–ª–∞–µ–≤
south_now",south_now,Frontline,
"–ù–∏–∫–æ–ª–∞–µ–≤ live
niklive",niklive,Frontline,
"–ù–æ–≤–æ—Å—Ç–∏ –ù–∏–∫–æ–ª–∞–µ–≤–∞ üá∫üá¶
novosti_nikolaeva",novosti_nikolaeva,Frontline,
"–¢–†–£–•–ê ‚ö°Ô∏è –ù–ò–ö–û–õ–ê–ï–í
truexaniko",truexaniko,Frontline,
"–ù–∏–∫–æ–ª–∞–µ–≤—Å–∫–∏–π –®–µ—Ä–ª–æ–∫
nikolaevsherlock",nikolaevsherlock,Frontline,
"–ù–∏–∫–æ–ª–∞–µ–≤ Online üá∫üá¶
nikolaevonline",nikolaevonline,Frontline,
"–ú–∏–∫–æ–ª–∞—ó–≤—Å—å–∫–∞ –æ–±–ª–∞—Å–Ω–∞ —Å—Ç–∞–Ω—Ü—ñ—è –ø–µ—Ä–µ–ª–∏–≤–∞–Ω–Ω—è –∫—Ä–æ–≤—ñ
nrbts",NRBTS,Frontline,
"üì∑ –ú–∏–∫–æ–ª–∞—ó–≤—Å—å–∫–∏–π –æ–±'—î–∫—Ç–∏–≤ üá∫üá¶
photo_sayks_myko",L_o_uis,Frontline,
"–ù–∏–∫–æ–ª–∞–µ–≤ –°–µ–π—á–∞—Å
nikolaev_now",nikolaev_now,Frontline,
"–ü–æ–≤—ñ—Å—Ç–∫–∏ –ú–∏–∫–æ–ª–∞—ó–≤ / –ü–æ–≤–µ—Å—Ç–∫–∏ –ù–∏–∫–æ–ª–∞–µ–≤
povistky_mykolaiv",povistky_mykolaiv,Frontline,
"–û–ø–æ–ª–∑–µ–Ω—å –ñ–∏—Ç—Ç—è # –ù–∏–∫–æ–ª–∞–µ–≤
opolzenzhittya",opolzenzhittya,Frontline,
"–ù–∏–∫–æ–ª–∞–µ–≤ 24/7
nikolaev_24",nikolaev_24,Frontline,
"MK.NEWS : –ù–æ–≤–∏–Ω–∏ –ú–∏–∫–æ–ª–∞—î–≤–∞
mknews_ua",mknews_ua,Frontline,
"–ù–∏–∫–æ–ª–∞–µ–≤ –ò–ù–§–û
nikolinfo",nikolinfo,Frontline,
"–ê–ó–° –ù–∏–∫–æ–ª–∞–µ–≤
azs_niko",AZSNiko,Frontline,
"–ú–∏–∫–æ–ª–∞—ó–≤ –Ü–ù–§–û | –ù–æ–≤–∏–Ω–∏ –ú–∏–∫–æ–ª–∞—ó–≤—â–∏–Ω–∏ —ñ –£–∫—Ä–∞—ó–Ω–∏
myko_info",myko_info,Frontline,
"–ú–∏–∫–æ–ª–∞—ó–≤—Å—å–∫–∞ –æ–±–ª–∞—Å–Ω–∞ –ø—Ä–æ–∫—É—Ä–∞—Ç—É—Ä–∞
mykprok",mykprok,Frontline,
"‚öîÔ∏è –ú–∏–∫–æ–ª–∞—ó–≤ Military Support ‚öîÔ∏è
militarysupport",militarysupport,Frontline,
"–ù–∏–∫–í–µ—Å—Ç–∏ - –Ω–æ–≤–æ—Å—Ç–∏ –ù–∏–∫–æ–ª–∞–µ–≤
nkves",nkves,Frontline,
"–ù–ò–ö–û–õ–ê–ï–í –°–ï–ô–ß–ê–°
nikolaevnow",nikolaevnow,Frontline,
"–ù–Ü–ö–¶–ï–ù–¢–† | –ú–∏–∫–æ–ª–∞—ó–≤ | –û–¥–µ—Å–∞ | –•–µ—Ä—Å–æ–Ω üá∫üá¶
nikcenter_org",nikcenter_org,Frontline,
"79 –æ–∫—Ä–µ–º–∞ –¥–µ—Å–∞–Ω—Ç–Ω–æ-—à—Ç—É—Ä–º–æ–≤–∞—è –±—Ä–∏–≥–∞–¥–∞ –ú–∏–∫–æ–ª–∞—ó–≤
odshbr_79",odshbr_79,Frontline,
"–¢—Ä—É—Ö–∞ ‚ö° –ú–∏–∫–æ–ª–∞—ó–≤
truhamykolaiv",truhamykolaiv,Frontline,
"–ù–æ–≤–∏–Ω–∏ –ú–∏–∫–æ–ª–∞—î–≤–∞ —Ç–∞ –æ–±–ª–∞—Å—Ç—ñ!
nikolaev_news_1",Nikolaev_news_1,Frontline,
"–ü–æ—Ä—Ç–∞–ª –ù–∏–∫–æ–ª–∞–µ–≤ üá∫üá¶
portal_mykolaiv",portal_mykolaiv,Frontline,
"–ú–∏–∫–æ–ª–∞—ó–≤ –ø–æ–Ω–∞–¥ —É—Å–µ!
ponadusemkua",PonaduseMkUa,Frontline,
"üá∫üá¶–•–µ—Ä—Å–æ–Ω –ù–∏–∫–æ–ª–∞–µ–≤ –û–¥–µ—Å—Å–∞üá∫üá¶ –ù–æ–≤–æ—Å—Ç–∏ –í–æ–π–Ω–∞
south_ukraine",South_Ukraine,Frontline,
"–•–ï–†–°–û–ù-–ú–ò–ö–û–õ–ê–á–í-–ö–†–û–ü–ò–í–ù–ò–¶–¨–ö–ò–ô
zapkhersonzap",zapkhersonzap,Frontline,
"–ú–∏–∫–æ–ª–∞—ó–≤—Å—å–∫–∞ –†–í–ê
mykolaivskiyrayon",mykolaivskiyrayon,Frontline,
"–ú–∏–∫–æ–ª–∞—ó–≤ —ñ –•–µ—Ä—Å–æ–Ω. –†–∞–∑–æ–º –¥–æ –ø–µ—Ä–µ–º–æ–≥–∏!
mukolaiv1956223",mukolaiv1956223,Frontline,
"–ù–∏–∫–æ–ª–∞–µ–≤ –ø—Ä–∏—Ñ—Ä–æ–Ω—Ç–æ–≤–æ–π
nikolaevfront",nikolaevfront,Frontline,
"–°—î–≤—î—Ä–æ–¥–æ–Ω–µ—Ü—å–∫ | –î–æ–Ω–±–∞—Å
r13severnews",R13severnews,Occupied,
"–°—î–≤—î—Ä–æ–¥–æ–Ω–µ—Ü—å–∫ –æ–Ω–ª–∞–π–Ω
sduaonline",sduaonline,Occupied,
"–°—î–≤—î—Ä–æ–¥–æ–Ω–µ—Ü—å–∫ - —Ü–µ –£–∫—Ä–∞—ó–Ω–∞!üá∫üá¶üá∫üá¶üá∫üá¶
sever_ukraine_world",sever_ukraine_world,Occupied,
"–°—î–≤—î—Ä–æ–¥–æ–Ω–µ—Ü—å–∫–∞ –º—ñ—Å—å–∫–∞ –í–¶–ê
sm_vca",sm_vca,Occupied,
"–°–µ–≤–µ—Ä–æ–¥–æ–Ω–µ—Ü–∫
severodonetsk",severodonetsk,Occupied,
"Telegram –°–µ–≤–µ—Ä–æ–¥–æ–Ω–µ—Ü–∫
tel_ceb",Tel_CEB,Occupied,
"–°–∞—Ä–∞—Ñ–∞–Ω–Ω–æ–µ –†–ê–î–ò–û –°–µ–≤–µ—Ä–æ–¥–æ–Ω–µ—Ü–∫
severodoneck_lnr",severodoneck_lnr,Occupied,
"‚úô–°–µ–≤–µ—Ä–æ–¥–æ–Ω–µ—Ü–∫ | –õ–•–° 1934üá∫üá¶ #–£–∫—Ä–¢–≥
severodonetsk194",severodonetsk1934,Occupied,
"–°–µ–≤–µ—Ä–æ–¥–æ–Ω–µ—Ü–∫–∞—è –µ–ø–∞—Ä—Ö–∏—è
sed_eparhia",sed_eparhia,Occupied,
–°—î–≤—î—Ä–æ–¥–æ–Ω–µ—Ü—å–∫ - —Ü–µ –£–∫—Ä–∞—ó–Ω–∞!,sever_ukraine_world,Occupied,
–°—î–≤—î—Ä–æ–¥–æ–Ω–µ—Ü—å–∫-–õ–∏—Å–∏—á–∞–Ω—Å—å–∫-–†—É–±—ñ–∂–Ω–µ-—Ü–µ –£–∫—Ä–∞—ó–Ω–∞!,Ukraina2022yors,Occupied,
"–ù–æ–≤–æ—Å—Ç–∏ –°–µ–≤–µ—Ä–æ–¥–æ–Ω–µ—Ü–∫–∞
lhs1934",lhs1934,Occupied,
"–°–ï–í–ï–†–û–î–û–ù–ï–¶–ö, –õ—É–≥–∞–Ω—Å–∫–∞—è –æ–±–ª–∞—Å—Ç—å, –£–∫—Ä–∞–∏–Ω–∞",severodonetsk1,Occupied,
"–õ–∏—Å—Ç–∏ —â–∞—Å—Ç—è –º.–°—É–º–∏
happiness_letters_sumy",happiness_letters_sumy,Frontline,
–í–æ–ª–æ–Ω—Ç–µ—Ä | SUMY GO,sumygohelp,Frontline,
"–ù–∞–¥ –ü—Å–µ–ª–æ–º - –Ω–æ–≤–æ—Å—Ç–∏ –≥–æ—Ä–æ–¥–∞ –°—É–º—ã
nad_pselom",Nad_Pselom,Frontline,
"–î–º–∏—Ç—Ä–æ –ñ–∏–≤–∏—Ü—å–∫–∏–π / –°—É–º—Å—å–∫–∞ –û–í–ê
zhyvytskyy",Zhyvytskyy,Frontline,
"–ù–æ–≤–∏–Ω–∏ –°—É–º–∏ | sumypost
sumypost",sumypost,Frontline,
"–û–ª–µ–∫—Å–∞–Ω–¥—Ä –õ–ò–°–ï–ù–ö–û / –°—É–º—Å—å–∫–∏–π –º—ñ—Å—å–∫–∏–π –≥–æ–ª–æ–≤–∞
golova_lysenko",golova_lysenko,Frontline,
"help UKRAINE SUMY
helpsumy",helpsumy,Frontline,
"–°–æ–∫—É—Ä –î–µ–Ω–∏—Å. –°–°–û ¬´–ê–∑–æ–≤¬ª –°—É–º–∏
denissokur_1",denissokur_1,Frontline,
"–°–ø—ñ–≤–î—ñ—è –î—ñ—Ç–∏ –°—É–º–∏
kidssumy",kidssumy,Frontline,
"–°—É–º–î–£ | –°—É–º—Å—å–∫–∏–π –¥–µ—Ä–∂–∞–≤–Ω–∏–π —É–Ω—ñ–≤–µ—Ä—Å–∏—Ç–µ—Ç
sumdu_ua",sumdu_ua,Frontline,
"–°–£–ú–ò / SUMY GO
sumygo",sumygo,Frontline,
"–°–£–ú–ò –ú–Ü–°–¢–ûüá∫üá¶
sumymisto",sumymisto,Frontline,
"–°—É–º—Å–∫–∏–µ –Ω–æ–≤–æ—Å—Ç–∏ | –ù–æ–≤–∏–Ω–∏ –°—É–º
sumynovosty",sumynovosty,Frontline,
"–°—É–º—Å—å–∫–∞ –º—ñ—Å—å–∫–∞ —Ä–∞–¥–∞
sumskamiskarada",sumskamiskarada,Frontline,
"–°—É–º—Å—å–∫–∏–π –±—É–¥–±–∞—Ç–∞–ª—å–π–æ–Ω
sumy_budbat",sumy_budbat,Frontline,
"–°—É—Å–ø—ñ–ª—å–Ω–µ –°—É–º–∏
suspilnesumy",suspilnesumy,Frontline,
"–¢–û–í ""–ï–ù–ï–†–ê –°–£–ú–ò""
sm_enera_ua",sm_enera_ua,Frontline,
"–¢—Ä—É—Ö–∞‚ö°–°—É–º—ã
truexanewsuasymu",truexanewsuasymu,Frontline,
"–£–∫—Ä–∞–∏–Ω–∞ –ù–æ–≤–æ—Å—Ç–∏ üá∫üá¶ –í–æ–π–Ω–∞ üá∫üá¶ –ö–∏–µ–≤ –•–∞—Ä—å–∫–æ–≤ –°—É–º—ã –•–µ—Ä—Å–æ–Ω –û–¥–µ—Å—Å–∞ –î–Ω–µ–ø—Ä –ó–∞–ø–æ—Ä–æ–∂—å–µ –ò—Ä–ø–µ–Ω—å –ù–∏–∫–æ–ª–∞–µ–≤ –ú–∞—Ä–∏—É–ø–æ–ª—å –ß–µ—Ä–Ω–∏–≥–æ–≤ –ò–∑—é–º –í–°–£ –ó–°–£
derzhim_stroi",derzhim_stroi,Frontline,
"–§–æ–Ω–¥ ¬´–°—É–º–∏¬ª
fondsumyua",fondsumyua,Frontline,
"–Ø –°–≤—ñ–¥–æ–∫. –°—É–º–∏
svidok_sumy",Svidok_Sumy,Frontline,
"CARITAS SUMY
caritas_sumy",caritas_sumy,Frontline,
"K&K Sumy (–ö–≤–∞—Å –∏ –ö–∞—à–∞)
kiksumy",KiKSumy,Frontline,
"Minayev Sumy Story ‚úô üá∫üá¶
minayevsumystory",MinayevSumyStory,Frontline,
News Sumy,news_sumy24,Frontline,
"PEOPLE.SUMY TG
peoplesumy2022",peoplesumy2022,Frontline,
Sumi's ‚ô°love‚ô° narration,oumiiiiiiiii,Frontline,
"SUMY BLOG | –°—É–º—ã üá∫üá¶
blogsumy",blogsumy,Frontline,
"Sumy Ok | C—É–º–∏ | –£–∫—Ä–∞–∏–Ω–∞üá∫üá¶
sumyok",,Frontline,
"Sumy Ukraine Online | –í–æ–π–Ω–∞ –£–∫—Ä–∞–∏–Ω–∞üá∫üá¶ –£–∫—Ä–∞—ó–Ω–∞
sumyobl",sumyobl,Frontline,
"Sup Sumy Tour
sup_sumy_tour",sup_sumy_tour,Frontline,
"–ì—Ä–æ—à–æ–≤–∞ –¥–æ–ø–æ–º–æ–≥–∞ –í–ü–û | –ö–æ–Ω—Å–æ—Ä—Ü—ñ—É–º –†–µ–∞–≥—É–≤–∞–Ω–Ω—è | –°—É–º–∏
sumy_dopomogavpo",sumy_dopomogavpo,Frontline,
"ùóôùó¢ùó´ ùó©ùóîùó£ùóò üìç –º.–°—É–º–∏ üá∫üá¶
foxvape_ua",foxvape_ua,Frontline,
"–ü–æ–≤–µ—Å—Ç–∫–∏ –°—É–º—ã / –ü–æ–≤—ñ—Å—Ç–∫–∏ –°—É–º–∏
povistky_sumy",povistky_sumy,Frontline,
"Sumy Racing Team
srtsumy",srtsumy,Frontline,
"–°–£–ú–ò –ü–û–í–Ü–°–¢–ö–ê | –°–£–ú–´ –ü–û–í–ï–°–¢–ö–ê
sumypovistka",sumypovistka,Frontline,
"–°—É–º—Å—å–∫–∏–π –≥—ñ–¥—Ä–æ–º–µ—Ç—Ü–µ–Ω—Ç—Ä üåç‚òÄÔ∏è
sumy_hmc",sumy_hmc,Frontline,
"–ê–õ–¨–¢–†–£–ò–°–¢ - –°—É–º—ã
altruistsumy",altruistsumy,Frontline,
"ALPINE Shop | SUMY
sumyalpine",sumyalpine,Frontline,
–¢—Ä–æ—Å—Ç—è–Ω–µ—Ü—å INFO,trostyanetsinfo,De-occupied,
–¢—Ä–æ—Å—Ç—è–Ω–µ—Ü—å –î–æ–ø–æ–º–æ–≥–∞ üôè,trost_help,De-occupied,
–ó–°–£ –º.–¢—Ä–æ—Å—Ç—è–Ω–µ—Ü—å,zsutrostyanec,De-occupied,
–ü—ñ–¥—Å–ª—É—Ö–∞–Ω–æ –¢—Ä–æ—Å—Ç—è–Ω–µ—Ü—å üá∫üá¶,podslyshanotrost,De-occupied,
–¢—Ä–æ—Å—Ç—è–Ω–µ—Ü—å–∫–∞ –ø–∞–ª—è–Ω–∏—Ü—è üá∫üá¶,trostynets,De-occupied,
–ó–û–õ–û–ß–Ü–í–©–ò–ù–ê,zolochivshchina,Frontline,
‚úô –ó–æ–ª–æ—á—ñ–≤ 24/7 üá∫üá¶,zolochiv24_7,Frontline,
üá∫üá¶–•–µ—Äc–æ–Ω—Å—å–∫–∞ –û–î–ê (–û–í–ê),khersonskaODA,De-Occupied,
Za –ü—Ä–µ–∑–∏–¥–µ–Ω—Ç–∞ | –•–µ—Ä—Å–æ–Ω—Å–∫–∞—è –æ–±–ª–∞—Å—Ç—å,kherson_vibor,De-Occupied,
–ê–¥–º–∏–Ω–∏—Å—Ç—Ä–∞—Ü–∏—è –ê–ª–µ—à–∫–∏–Ω—Å–∫–æ–≥–æ –º—É–Ω–∏—Ü–∏–ø–∞–ª—å–Ω–æ–≥–æ –æ–∫—Ä—É–≥–∞,VGA_Alyoshki,De-Occupied,
–ê–¥–º–∏–Ω–∏—Å—Ç—Ä–∞—Ü–∏—è –ì–µ–Ω–∏—á–µ—Å–∫–æ–≥–æ –º—É–Ω–∏—Ü–∏–ø–∞–ª—å–Ω–æ–≥–æ –æ–∫—Ä—É–≥–∞,VGA_Genichesk,De-Occupied,
–ñ–∏–∑–Ω—å –≤ –æ–∫–∫—É–ø–∞—Ü–∏–∏,Life_underZoccupati,De-Occupied,
–û–±—â–µ—Å—Ç–≤–µ–Ω–Ω–∞—è –ü–∞–ª–∞—Ç–∞ –•–µ—Ä—Å–æ–Ω—Å–∫–æ–π –æ–±–ª–∞—Å—Ç–∏,OC_XO,De-Occupied,
–ü—Ä–æ–∫—É–¥—ñ–Ω –û–ª–µ–∫—Å–∞–Ω–¥—Ä - –û—Ñ—ñ—Ü—ñ–π–Ω–∞ —Å—Ç–æ—Ä—ñ–Ω–∫–∞,olexandrprokudin,De-Occupied,
–•–µ—Ä—Å–æ–Ω–∫–∞.—Ä—É,hersonka_ru,De-Occupied,
–•–µ—Ä—Å–æ–Ω—Å–∫–∏–π –°–∞–Ω—ë–∫,khersonSanyok,De-Occupied,
–•–µ—Ä—Å–æ–Ω—Å–∫–æ–µ –ê–≥–µ–Ω—Ç—Å—Ç–≤–æ –ù–æ–≤–æ—Å—Ç–µ–π,xonewsru,De-Occupied,
üá∫üá¶–û–ª–µ–∫—Å—ñ–π –î—Ä–æ–∑–¥–µ–Ω–∫–æ / –°—É–º—Å—å–∫–∞ –ú–í–ê,drozdenko_sumy,Frontline,
‚úô –ß–µ—Ä–Ω—ñ–≥—ñ–≤ –û–ø–µ—Ä–∞—Ç–∏–≤–Ω–∏–π üá∫üá¶,ChernigivOperative,Frontline,Chernihiv
–ê–õ–¨–¢–†–£–ò–°–¢ - –°—É–º—ã,altruistsumy,Frontline,
–í—ñ—Ç–∞–ª—ñ–π –ö—ñ–º / –ú–∏–∫–æ–ª–∞—ó–≤—Å—å–∫–∞ –û–î–ê,mykolaivskaODA,Frontline,
–ó–ê–ü–û–†–û–ñ–°–ö–ò–ô –í–ï–°–¢–ù–ò–ö,zpvestnik,Frontline,
–ó–∞–ø–æ—Ä–æ–∂—Å–∫–∏–π –¢–µ–ª–µ–≥—Ä–∞—Ñ,zo_telegraf,Frontline,
–ó–ê–ü–û–†–û–ñ–°–ö–ò–ô –§–†–û–ù–¢,ZA_FROHT,Frontline,
–ó–∞–ø–æ—Ä–æ–∂—å–µ –ø–æ –∂–∏–∑–Ω–∏,zaporozhittu,Frontline,
–Ü–≥–æ—Ä –¢–µ—Ä–µ—Ö–æ–≤,ihor_terekhov,Frontline,
"–õ–æ—Ö–º–∞—Ç—ã–π Z –ù–∏–∫–æ–ª–∞–µ–≤, –°–µ—Ä–≥–µ–π –õ–µ–±–µ–¥–µ–≤",L0HMATIY,Frontline,
"–ú–ö–ü ""–ú–∏–∫–æ–ª–∞—ó–≤–≤–æ–¥–æ–∫–∞–Ω–∞–ª"" üí¶",vodokanal1,Frontline,
–ù–∞–∫–∏–ø—ñ–ª–æ. –ê—Ñ—ñ—à–∞,nakipeloposter,Frontline,
–ù–ï–ú–Ü–ß–ï–í | NEMICHEV,natsionalKharkiv,Frontline,
–ù–∏–∫–æ–ª–∞–µ–≤—Å–∫–∏–π –í–∞–Ω—ë–∫,vanek_nikolaev,Frontline,
"–û–ª–µ–≥ –°–∏–Ω—î–≥—É–±–æ–≤, –≥–æ–ª–æ–≤–∞ –•–∞—Ä–∫—ñ–≤—Å—å–∫–æ—ó –û–î–ê",synegubov,Frontline,
–û–ª–µ–∫—Å–∞–Ω–¥—Ä –õ–û–ú–ê–ö–û | –û—Ñ—ñ—Ü—ñ–π–Ω–æ –ø—Ä–æ –ß–µ—Ä–Ω—ñ–≥—ñ–≤,lomako_oleksandr,Frontline,Chernihiv
–ü–æ–¥—Å–ª—É—à–∞–Ω–æ –ó–∞–ø–æ—Ä–æ–∂—Å–∫–∞—è –æ–±–ª–∞—Å—Ç—å,podslyshano_zp,Frontline,
–ü–æ–ª—ñ—Ü—ñ—è –•–∞—Ä–∫—ñ–≤—Å—å–∫–æ—ó –æ–±–ª–∞—Å—Ç—ñ,police_kh_region,Frontline,
–†–∞–¥—ñ–æ –ù–∞–∫–∏–ø—ñ–ª–æ. –•–∞—Ä–∫—ñ–≤ 92.2 FM,radionakypilo,Frontline,
–†—è—Ç—É–≤–∞–ª—å–Ω–∏–∫–∏ –°—É–º—â–∏–Ω–∏,dsns_sumy,Frontline,
–°—î–Ω–∫–µ–≤–∏—á Online,senkevichonline,Frontline,
–°—É—Å–ø—ñ–ª—å–Ω–µ –•–∞—Ä–∫—ñ–≤,suspilne_kharkiv,Frontline,
"–•–ê–ë. –ß–ï–†–ù–Ü–ì–Ü–í –¢–ê –û–ë–õ–ê–°–¢–¨ ""–ù–ï–ó–õ–ê–ú–ù–Ü–°–¢–¨""",chernihivnewshub,Frontline,Chernihiv
–•–∞—Ä–∫—ñ–≤ 1654 | –ú—ñ—Å—Ç–æ-–≥–µ—Ä–æ–π üá∫üá¶,kharkiv_1654,Frontline,
–•–∞—Ä–∫—ñ–≤—Å—å–∫–∞ –º—ñ—Å—å–∫–∞ —Ä–∞–¥–∞,citykharkivua,Frontline,
–•–∞—Ä–∫—ñ–≤—Å—å–∫–∞ –æ–±–ª–∞—Å–Ω–∞ –ø—Ä–æ–∫—É—Ä–∞—Ç—É—Ä–∞,prokuratura_kharkiv,Frontline,
–•–∞—Ä—å–∫–æ–≤ Life | –•–∞—Ä–∫—ñ–≤ üá∫üá¶,kharkivlife,Frontline,
–•—É–π–æ–≤–∏–π –•–∞—Ä–∫—ñ–≤ üá∫üá¶ –•—É–µ–≤—ã–π –•–∞—Ä—å–∫–æ–≤,huyovy_kharkiv,Frontline,
"""–°–æ—é–∑ –∂—É—Ä–Ω–∞–ª–∏—Å—Ç–æ–≤ –†–æ—Å—Å–∏–∏"" –≤ –î–ù–†",dpruj_media,Occupied,
üá∑üá∫ –î–æ–Ω–µ—Ü–∫ —Å–µ–π—á–∞—Å üÖâ,donetsknow,Occupied,
üá∑üá∫–ù–û–í–û–°–¢–ò –ö–†–´–ú–êüá∑üá∫,crimea24new,Occupied,
üá∫üá¶–ê—Ä—Ç–µ–º –õ–ò–°–û–ì–û–† –õ—É–≥–∞–Ω—Å—å–∫–∞ –û–í–ê/OFFICIALüá∫üá¶,gibdd_mvd_lnr,Occupied,
"‚ùóÔ∏è–õ—É–≥–∞–Ω—Å–∫–∏–π –ò—Å—Ç–æ—á–Ω–∏–∫ ‚ÄºÔ∏è–ù–æ–≤–æ—Å—Ç–∏ –õ–ù–†, —Å–æ—Ü–∏–∞–ª—å–Ω–æ - –ø—Ä–∞–≤–æ–≤–∞—è –∏–Ω—Ñ–æ—Ä–º–∞—Ü–∏—è –õ—É–≥–∞–Ω—Å–∫–∞, –≤—ã–ø–ª–∞—Ç—ã –≤ –õ–ù–†",lnrnovosti,Occupied,
AVANTI üá∑üá∫–ê–¥–≤–æ–∫–∞—Ç—ã –õ–ù–† | –õ—É–≥–∞–Ω—Å–∫,Avanti_LNR,Occupied,
Baby Boomüç≠,little_hank_mlt,Occupied,
Dobrota,severodonezklite,Occupied,
Kitsune / –°—î–≤—î—Ä–æ–¥–æ–Ω–µ—Ü—å–∫ üá∫üá¶,kitsunetg,Occupied,
Mariypolina,Mariypolina_life,Occupied,
Media –ú–∞–ª—å–∫–µ–≤–∏—á üá∑üá∫,alexandr_malkevich,Occupied,
–ê–≤–¥–µ–µ–≤–∫–∞ —Å–µ–π—á–∞—Å üá∑üá∫,avdeevka24,Occupied,
–ê–¥–º–∏–Ω–∏—Å—Ç—Ä–∞—Ü–∏—è –ì–ª–∞–≤—ã –î–ù–†,AG_DPR,Occupied,
–ê–¥–º–∏–Ω–∏—Å—Ç—Ä–∞—Ü–∏—è –≥–æ—Ä–æ–¥–∞ –†—É–±–µ–∂–Ω–æ–µ,Agr_lnr,Occupied,
–ê–¥–º–∏–Ω–∏—Å—Ç—Ä–∞—Ü–∏—è –ö–∞—Ö–æ–≤—Å–∫–æ–≥–æ –º—É–Ω–∏—Ü–∏–ø–∞–ª—å–Ω–æ–≥–æ –æ–∫—Ä—É–≥–∞,VGA_Kakhovka,Occupied,
–ê–¥–º–∏–Ω–∏—Å—Ç—Ä–∞—Ü–∏—è –õ–∏—Å–∏—á–∞–Ω—Å–∫–∞,lisichansk_adm,Occupied,
–ê–¥–º–∏–Ω–∏—Å—Ç—Ä–∞—Ü–∏—è –•–µ—Ä—Å–æ–Ω—Å–∫–æ–π –æ–±–ª–∞—Å—Ç–∏,VGA_Kherson,Occupied,
–ê–∫—Å—ë–Ω–æ–≤ Z 82,Aksenov82,Occupied,
–ê–ª–µ–∫—Å–µ–π –¶—ã–¥–µ–Ω–æ–≤,alexeytsydenov,Occupied,
–ê–Ω–¥—Ä–µ–π –ê–ª–µ–∫—Å–µ–µ–Ω–∫–æ,aakherson,Occupied,
–ê—Ä—Ç—ë–º–æ–≤—Å–∫ —Å–µ–π—á–∞—Å üá∑üá∫,artemovsknow,Occupied,
–ë–ò–õ –≥.–ú–∞—Ä–∏—É–ø–æ–ª—å,bilmrpl,Occupied,
–í–µ—Å—Ç–Ω–∏–∫ –õ–∏—Å–∏—á–∞–Ω—Å–∫–∞,vesniklisichanska,Occupied,
–í–ª–∞–¥–∏–º–∏—Ä –°–∞–ª—å–¥–æ,SALDO_VGA,Occupied,
–ì–ª–∞–≤–∞ –ê–¥–º–∏–Ω–∏—Å—Ç—Ä–∞—Ü–∏–∏ –ö—Ä–µ–º–µ–Ω—Å–∫–æ–≥–æ —Ä–∞–π–æ–Ω–∞ –¢—Ä–µ—Ç—å—è–∫–æ–≤ –í.–Æ,glavakrm,Occupied,
–ì–ª–∞–≤–∞ –ú–∞—Ä–∏—É–ø–æ–ª—è –û–ª–µ–≥ –ú–æ—Ä–≥—É–Ω,morgun_ov,Occupied,
–ì–ª–∞–≤–Ω–æ–µ –≤ –•–µ—Ä—Å–æ–Ω–µ –∏ –æ–±–ª–∞—Å—Ç–∏,hercon_ru,Occupied,
–ì–£ –ú–í–î –†–æ—Å—Å–∏–∏ –ø–æ –•–µ—Ä—Å–æ–Ω—Å–∫–æ–π –æ–±–ª–∞—Å—Ç–∏,police_kherson_press,Occupied,
–î–∞–Ω–∏–ª—å—á–µ–Ω–∫–æ –ì–∞–ª–∏–Ω–∞,DanilchenkoGV,Occupied,
–î–∞—Ä—å—è –õ–∞–Ω—Ç—Ä–∞—Ç–æ–≤–∞,lantratova_daria,Occupied,
"–î–µ–ø–∞—Ä—Ç–∞–º–µ–Ω—Ç –∫—É–ª—å—Ç—É—Ä—ã , —Å–ø–æ—Ä—Ç–∞ –∏ –º–æ–ª–æ–¥–µ–∂–∏ –≥. –ú–µ–ª–∏—Ç–æ–ø–æ–ª—å",DepartamentKulturySportaMologegy,Occupied,
–î–ú | –î–æ–Ω–±–∞—Å—Å –ú–µ–¥–∏–∞,donbass_medi,Occupied,
–î–æ–Ω–µ—Ü–∫ –ú–µ–¥–∏–∞,dntskmedia,Occupied,
–î–æ–Ω–µ—Ü–∫–∏–π –¢–µ–ª–µ–≥—Ä–∞–º üÖâ,dontel,Occupied,
–î–æ–Ω–µ—Ü–∫–∏–π —Ç–æ—Ä–º–æ–∑–æ–∫,dntormozok,Occupied,
–î–æ–Ω–µ—Ü–∫–∏–π —à—Ç–∞–± #–ú–´–í–ú–ï–°–¢–ï,donshtabmv,Occupied,
–î–æ–Ω–µ—Ü–∫–æ–µ –∞–≥–µ–Ω—Ç—Å—Ç–≤–æ –Ω–æ–≤–æ—Å—Ç–µ–π,dan_dnr,Occupied,
–ï–≤–≥–µ–Ω–∏–π –ö—É–∑—å–º–∏–Ω | –•–µ—Ä—Å–æ–Ω—Å–∫–∞—è –æ–±–ª–∞—Å—Ç—å | –ï–¥–∏–Ω–∞—è –†–æ—Å—Å–∏—è,EvgenyKuzminRu,Occupied,
–ï–î–ò–ù–ê–Ø –†–û–°–°–ò–Ø I –õ–∏—Å–∏—á–∞–Ω—Å–∫,er_lisichansk,Occupied,
–ï–î–ò–ù–ê–Ø –†–û–°–°–ò–Ø –õ–ù–†,er_lnr,Occupied,
–ï–¥–∏–Ω–∞—è –†–æ—Å—Å–∏—è. –•–µ—Ä—Å–æ–Ω—Å–∫–∞—è –æ–±–ª–∞—Å—Ç—å,er_kherson,Occupied,
"–ï–∫–∞—Ç–µ—Ä–∏–Ω–∞ –ú–∏–ª–∞–Ω–æ–≤–∞, –¥—Ä—É–∑—å—è –∏ –∫–æ—Ç–∏–∫–∏üê±",ekaterinamilanovadn,Occupied,
–ó–æ–≤ –¢—Ä–µ—É–≥–æ–ª—å–Ω–∏–∫–∞,zovsd,Occupied,
–ò–Ω—Ñ–æ –ú–∞—Ä–∏—É–ø–æ–ª—å,informar2022,Occupied,
–ò—Ä–∏–Ω–∞ –í–æ–ª–∫,IrinaVolk_MVD,Occupied,
–ö—Ä—ã–º 24 |Z| –í—Å–µ –Ω–æ–≤–æ—Å—Ç–∏ –ö—Ä—ã–º–∞,tvcrimea24,Occupied,
–ö–†–´–ú–ò–ù–§–û–†–£–úüáø üá¥ üáª,ZOVcrimea,Occupied,
–ö—Ä—ã–º—Å–∫–∞—è –º–∏—Ç—Ä–æ–ø–æ–ª–∏—è,mitropol_crimea,Occupied,
–õ–∞—Ä–∏—Å–∞ –¢–æ–ª—Å—Ç—ã–∫–∏–Ω–∞,tolstykina_dnr,Occupied,
–õ–ì–£ –∏–º. –í. –î–∞–ª—è,dahluniverlnr,Occupied,
–õ–µ–æ–Ω–∏–¥ –ü–∞—Å–µ—á–Ω–∏–∫,glava_lnr_info,Occupied,
–õ—É–≥–∞–Ω—Å–∫ 24,GTRKLNR_Lugansk24,Occupied,
–õ—É–≥–∞–Ω—Å–∫–ò–Ω—Ñ–æ—Ä–º–¶–µ–Ω—Ç—Ä Z,LIC_LPR,Occupied,
–õ—É–∫–∞ –ï–±–∫–æ–≤,luka_ebkov,Occupied,
–ú–ê–†–ò–£–ü–û–õ–¨ | 0629 BLACK,mariupol_0629_black,Occupied,
–ú–ê–†–ò–£–ü–û–õ–¨ | –ß–ü,mariupol_4P,Occupied,
–ú–ê–†–ò–£–ü–û–õ–¨ 24,mariupol24tv,Occupied,
–ú–∞—Ä–∏—É–ø–æ–ª—å Online,mariupol_online24,Occupied,
–ú–ê–†–ò–£–ü–û–õ–¨ –ò–ù–§–û üá∑üá∫ –°–ü–†–ê–í–ö–ê,mrplinfo,Occupied,
–ú–ê–†–ò–£–ü–û–õ–¨ –ü–û –§–ê–ö–¢–£ üëÄ,mrplonline,Occupied,
–ú–∞—Ä–∏—É–ø–æ–ª—å. –§–æ—Ç–æ–≥—Ä–∞—Ñ üì∏,Mariupol_Photograph,Occupied,
–ú–ê–†–ò–®–ö–ê –ò–ó –ú–ê–†–ò–£–ü–û–õ–Ø,marishkaeasycooking,Occupied,
–ú–í–î –õ–ù–†,mvdlnr_official,Occupied,
–ú–µ–ª–∏—Ç–æ–ø–æ–ª—å –Ω–∞—à,mlt_nash,Occupied,
–ú–∏–Ω–∏—Å—Ç–µ—Ä—Å—Ç–≤–æ –∑–¥—Ä–∞–≤–æ–æ—Ö—Ä–∞–Ω–µ–Ω–∏—è –•–µ—Ä—Å–æ–Ω—Å–∫–æ–π –æ–±–ª–∞—Å—Ç–∏,Minzdrav_Kherson_ru,Occupied,
–ú–∏–Ω–∏—Å—Ç–µ—Ä—Å—Ç–≤–æ –∫—É–ª—å—Ç—É—Ä—ã –•–µ—Ä—Å–æ–Ω—Å–∫–æ–π –æ–±–ª–∞—Å—Ç–∏,kultkherson,Occupied,
–ú–∏–Ω–∏—Å—Ç–µ—Ä—Å—Ç–≤–æ –º–æ–ª–æ–¥–µ–∂–Ω–æ–π –ø–æ–ª–∏—Ç–∏–∫–∏ –•–µ—Ä—Å–æ–Ω—Å–∫–æ–π –æ–±–ª–∞—Å—Ç–∏,minmolXO,Occupied,
–ú–∏–Ω–∏—Å—Ç–µ—Ä—Å—Ç–≤–æ –æ–±—Ä–∞–∑–æ–≤–∞–Ω–∏—è –•–µ—Ä—Å–æ–Ω—Å–∫–æ–π –æ–±–ª–∞—Å—Ç–∏,depobrherson,Occupied,
–ú–ò–ù–°–¢–†–û–ô –î–ù–†,minstroydnr,Occupied,
–ú–ò–ù–¢–†–£–î –î–ù–†,mtspdnr,Occupied,
–ú–ò–† –ü–ï–ß–ê–¢–ò‚Ä¢ —Ä–µ–∫–ª–∞–º–∞ –∏ –ø–æ–¥–∞—Ä–∫–∏ –ú–∞—Ä–∏—É–ø–æ–ª—å,podarkimariupole,Occupied,
–ú–æ–ª–æ–¥–∞—è –ì–≤–∞—Ä–¥–∏—è –ï–¥–∏–Ω–æ–π –†–æ—Å—Å–∏–∏ –õ–ù–†,mg_lnr,Occupied,
–ú–æ—Ä–≥—É–Ω–æV,GlavaAGBLNR,Occupied,
"–ú–£–ü –ê–ì–ú ""–ú–∞—Ä–∏—É–ø–æ–ª—å—Ç—Ä–∞–Ω—Å""",Mariupoltrans2022,Occupied,
–ú–ß–° –î–ù–†,mchs_dnr,Occupied,
–ú–ß–° –õ–ù–†,mchslnr,Occupied,
–ùZ–ù–ü | –ù–µ –∑–∞–±—É–¥–µ–º! –ù–µ –ø—Ä–æ—Å—Ç–∏–º! | –î–æ–Ω–±–∞—Å—Å,nznp_lnr,Occupied,
–ù–ê –ú–ê–†–®–ï Z,namarshe,Occupied,
–ù–∞—Ä–æ–¥–Ω–∞—è –º–∏–ª–∏—Ü–∏—è –î–ù–†,nm_dnr,Occupied,
–ù–∞—Ä–æ–¥–Ω—ã–π —Ñ—Ä–æ–Ω—Ç –•–µ—Ä—Å–æ–Ω—Å–∫–∞—è –æ–±–ª–∞—Å—Ç—å,nf_hersonshina,Occupied,
–ù–æ–≤–∞—è –ö–∞—Ö–æ–≤–∫–∞,newkaxovka,Occupied,
–ù–æ–≤–∞—è –¢–µ—Ä—Ä–∏—Ç–æ—Ä–∏—è,NovajaTerritoria,Occupied,
–ù–û–í–´–ô –ú–ê–†–ò–£–ü–û–õ–¨!,nmrpl,Occupied,
–û—Ç –ú–∞—Ä–∏—É–ø–æ–ª—è –¥–æ –ö–∞—Ä–ø–∞—Ç,osvedomitell_alex,Occupied,
–ü–∞–≤–µ–ª –§–∏–ª–∏–ø—á—É–∫ –ì–ª–∞–≤–∞ –æ–∫—Ä—É–≥–∞,filipchukp,Occupied,
–ü–æ–±—Ä–∞—Ç–∏–º—Å—Ç–≤–æ –ü–µ—Ç–µ—Ä–±—É—Ä–≥–∞ –∏ –ú–∞—Ä–∏—É–ø–æ–ª—è,goroda_pobratimy,Occupied,
–ü–æ–≤—ë—Ä–Ω—É—Ç—ã–µ –Ω–∞ Z –≤–æ–π–Ω–µ üá∑üá∫,voenacher,Occupied,
–ü–†–ê–í–ò–¢–ï–õ–¨–°–¢–í–û –õ–£–ì–ê–ù–°–ö–û–ô –ù–ê–†–û–î–ù–û–ô –†–ï–°–ü–£–ë–õ–ò–ö–ò,government_lnr,Occupied,
–ü—É—à–∏–ª–∏–Ω –î.–í.,pushilindenis,Occupied,
–†–µ—Å–ø—É–±–ª–∏–∫–∞–Ω—Å–∫–∏–π –¶–µ–Ω—Ç—Ä Z–∞–Ω—è—Ç–æ—Å—Ç–∏ –î–ù–†,rczdnr,Occupied,
–°–æ–ª–Ω—Ü–µ–≤ –æ –≤–æ—Å—Å—Ç–∞–Ω–æ–≤–ª–µ–Ω–∏–∏,solntsev_dnr,Occupied,
–°–æ—Ü–∏–∞–ª—å–Ω—ã–π —Ñ–æ–Ω–¥ –†–æ—Å—Å–∏–∏ –ø–æ –õ–ù–†,sfr_lnr,Occupied,
–°–û–Æ–ó –ñ–ï–ù–©–ò–ù –†–û–°–°–ò–ò –õ–£–ì–ê–ù–°–ö–û–ô –ù–ê–†–û–î–ù–û–ô –†–ï–°–ü–£–ë–õ–ò–ö–ò,womenofrussialpr,Occupied,
–°—Ä–æ—á–Ω–æ –≠–Ω–µ—Ä–≥–æ–¥–∞—Ä,srochno_energodar,Occupied,
–°—É–ø–µ—Ä–º–∞—Ä–∫–µ—Ç –î–≤–∞ –ë—Ä–∞—Ç–∞ –ú–∞—Ä–∏—É–ø–æ–ª—å,dva_brata_mrpl,Occupied,
–¢–∞–≤—Ä–∏—á–µ—Å–∫–∞—è –†–µ—Å–ø—É–±–ª–∏–∫–∞,Tauride_Republic,Occupied,
–¢–∞–≤—Ä–∏—è. –ù–æ–≤–æ—Å—Ç–∏ –•–µ—Ä—Å–æ–Ω—Å–∫–æ–π –æ–±–ª–∞—Å—Ç–∏,tavria_kherson,Occupied,
–£–ì–ò–ë–î–î –ú–í–î –ø–æ –õ—É–≥–∞–Ω—Å–∫–æ–π –ù–∞—Ä–æ–¥–Ω–æ–π –†–µ—Å–ø—É–±–ª–∏–∫–µ,gibdd_mvd_lnr,Occupied,
–£–ø—Ä–∞–≤–ª–µ–Ω–∏–µ –≤–Ω—É—Ç—Ä–µ–Ω–Ω–µ–π –ø–æ–ª–∏—Ç–∏–∫–∏ –•–µ—Ä—Å–æ–Ω—Å–∫–æ–π –æ–±–ª–∞—Å—Ç–∏,UOMCY_XO,Occupied,
–¶–≤–µ—Ç–æ—á–Ω–∞—è –º–∞—Å—Ç–µ—Ä—Å–∫–∞—è ¬´–ö–ª–µ–≤–µ—Ä¬ª üçÄ,klever_flo_mrpl,Occupied,
–ß–µ—Ä–Ω—ã–π –°–ø–∏—Å–æ–∫ | –ú–∞—Ä–∏—É–ø–æ–ª—å,BLMariupol,Occupied,
–ß–ü / –ö—Ä—ã–º,chp_crimea,Occupied,
–ß–ü / –°–µ–≤–∞—Å—Ç–æ–ø–æ–ª—å,chpsevas_news,Occupied,
–Æ—Ä–∏–π –Æ—Ä–æ–≤,yurii_yurov_XXI,Occupied,